"Step","celestial-jazz-4 - Test_loss","celestial-jazz-4 - Test_loss__MIN","celestial-jazz-4 - Test_loss__MAX","celestial-jazz-4 - Train_loss","celestial-jazz-4 - Train_loss__MIN","celestial-jazz-4 - Train_loss__MAX","celestial-jazz-4 - Val_loss","celestial-jazz-4 - Val_loss__MIN","celestial-jazz-4 - Val_loss__MAX"
"0","1.000010503903243","1.000010503903243","1.000010503903243","1.000076794439624","1.000076794439624","1.000076794439624","0.9999912817165675","0.9999912817165675","0.9999912817165675"
"1","1.0000122689880908","1.0000122689880908","1.0000122689880908","0.9999999793833789","0.9999999793833789","0.9999999793833789","0.9999917571000414","0.9999917571000414","0.9999917571000414"
"2","1.000021056098148","1.000021056098148","1.000021056098148","1.0000020151771873","1.0000020151771873","1.0000020151771873","0.9999865796506128","0.9999865796506128","0.9999865796506128"
"3","1.0000284439674958","1.0000284439674958","1.0000284439674958","1.000002431410417","1.000002431410417","1.000002431410417","0.9999803391903026","0.9999803391903026","0.9999803391903026"
"4","1.0000353178873789","1.0000353178873789","1.0000353178873789","1.0000025972606792","1.0000025972606792","1.0000025972606792","0.9999726199158421","0.9999726199158421","0.9999726199158421"
"5","1.0000430665171813","1.0000430665171813","1.0000430665171813","1.000001655955252","1.000001655955252","1.000001655955252","0.9999613726721945","0.9999613726721945","0.9999613726721945"
"6","1.0000509731774605","1.0000509731774605","1.0000509731774605","1.0000037883149147","1.0000037883149147","1.0000037883149147","0.99994983264416","0.99994983264416","0.99994983264416"
"7","1.0000736711589042","1.0000736711589042","1.0000736711589042","0.9999957945857291","0.9999957945857291","0.9999957945857291","0.9999235617278485","0.9999235617278485","0.9999235617278485"
"8","1.00006760166299","1.00006760166299","1.00006760166299","1.0000000695987934","1.0000000695987934","1.0000000695987934","0.9999178577245263","0.9999178577245263","0.9999178577245263"
"9","1.0001138308054192","1.0001138308054192","1.0001138308054192","0.9999843398764009","0.9999843398764009","0.9999843398764009","0.9998786387918236","0.9998786387918236","0.9998786387918236"
"10","1.0000449911861773","1.0000449911861773","1.0000449911861773","0.9999849431894934","0.9999849431894934","0.9999849431894934","0.9998958227502751","0.9998958227502751","0.9998958227502751"
"11","1.0001606427070528","1.0001606427070528","1.0001606427070528","0.9999747448047204","0.9999747448047204","0.9999747448047204","0.999827127284343","0.999827127284343","0.999827127284343"
"12","1.0000268233511622","1.0000268233511622","1.0000268233511622","0.9999675068724695","0.9999675068724695","0.9999675068724695","0.9998717585149214","0.9998717585149214","0.9998717585149214"
"13","1.0001543462487317","1.0001543462487317","1.0001543462487317","0.9999626648405276","0.9999626648405276","0.9999626648405276","0.9997920496180045","0.9997920496180045","0.9997920496180045"
"14","1.0000721653383744","1.0000721653383744","1.0000721653383744","0.9999532677206404","0.9999532677206404","0.9999532677206404","0.9998193333882139","0.9998193333882139","0.9998193333882139"
"15","1.0001652288726988","1.0001652288726988","1.0001652288726988","0.9999454547371165","0.9999454547371165","0.9999454547371165","0.9997715507348721","0.9997715507348721","0.9997715507348721"
"16","1.0000779668045687","1.0000779668045687","1.0000779668045687","0.9999433214466326","0.9999433214466326","0.9999433214466326","0.9997841165232257","0.9997841165232257","0.9997841165232257"
"17","1.000107191915828","1.000107191915828","1.000107191915828","0.9999375843770799","0.9999375843770799","0.9999375843770799","0.9997569919341333","0.9997569919341333","0.9997569919341333"
"18","1.0001391951666077","1.0001391951666077","1.0001391951666077","0.9999314197621185","0.9999314197621185","0.9999314197621185","0.9997340268176113","0.9997340268176113","0.9997340268176113"
"19","1.0001777664850344","1.0001777664850344","1.0001777664850344","0.9999133887626973","0.9999133887626973","0.9999133887626973","0.9997020522272997","0.9997020522272997","0.9997020522272997"
"20","1.0001391669403408","1.0001391669403408","1.0001391669403408","0.9999156543045691","0.9999156543045691","0.9999156543045691","0.9997163205805515","0.9997163205805515","0.9997163205805515"
"21","1.000173005663224","1.000173005663224","1.000173005663224","0.9998987753081469","0.9998987753081469","0.9998987753081469","0.9996959236341701","0.9996959236341701","0.9996959236341701"
"22","1.0001579314079738","1.0001579314079738","1.0001579314079738","0.9999067084543897","0.9999067084543897","0.9999067084543897","0.9996991909768315","0.9996991909768315","0.9996991909768315"
"23","1.0001898862343024","1.0001898862343024","1.0001898862343024","0.999892722920973","0.999892722920973","0.999892722920973","0.9996837894619386","0.9996837894619386","0.9996837894619386"
"24","1.0001464241633862","1.0001464241633862","1.0001464241633862","0.9998977473947639","0.9998977473947639","0.9998977473947639","0.999689242033531","0.999689242033531","0.999689242033531"
"25","1.0002017701805097","1.0002017701805097","1.0002017701805097","0.9998855839572516","0.9998855839572516","0.9998855839572516","0.9996682897727381","0.9996682897727381","0.9996682897727381"
"26","1.0002028259252838","1.0002028259252838","1.0002028259252838","0.9998944965479585","0.9998944965479585","0.9998944965479585","0.9996779951157789","0.9996779951157789","0.9996779951157789"
"27","1.0002204817098637","1.0002204817098637","1.0002204817098637","0.9998788551160138","0.9998788551160138","0.9998788551160138","0.9996571609441426","0.9996571609441426","0.9996571609441426"
"28","1.000215474143552","1.000215474143552","1.000215474143552","0.9998821625796634","0.9998821625796634","0.9998821625796634","0.9996659771353917","0.9996659771353917","0.9996659771353917"
"29","1.0001823686558993","1.0001823686558993","1.0001823686558993","0.9998729796115782","0.9998729796115782","0.9998729796115782","0.9996537108483272","0.9996537108483272","0.9996537108483272"
"30","1.0002267367213742","1.0002267367213742","1.0002267367213742","0.9998708471953452","0.9998708471953452","0.9998708471953452","0.9996458502353435","0.9996458502353435","0.9996458502353435"
"31","1.000199892499713","1.000199892499713","1.000199892499713","0.9998693978525919","0.9998693978525919","0.9998693978525919","0.9996660229926162","0.9996660229926162","0.9996660229926162"
"32","1.0003068817358725","1.0003068817358725","1.0003068817358725","0.9998752439366981","0.9998752439366981","0.9998752439366981","0.9996525625710602","0.9996525625710602","0.9996525625710602"
"33","1.0002221278652998","1.0002221278652998","1.0002221278652998","0.9998655656667877","0.9998655656667877","0.9998655656667877","0.9996596174407866","0.9996596174407866","0.9996596174407866"
"34","1.000320535128671","1.000320535128671","1.000320535128671","0.9998676771623787","0.9998676771623787","0.9998676771623787","0.9996402020346519","0.9996402020346519","0.9996402020346519"
"35","1.000313415387685","1.000313415387685","1.000313415387685","0.9998610459802934","0.9998610459802934","0.9998610459802934","0.999640087012576","0.999640087012576","0.999640087012576"
"36","1.0003215772321221","1.0003215772321221","1.0003215772321221","0.9998589731064084","0.9998589731064084","0.9998589731064084","0.9996365957400836","0.9996365957400836","0.9996365957400836"
"37","1.0003415340862374","1.0003415340862374","1.0003415340862374","0.9998574381356101","0.9998574381356101","0.9998574381356101","0.999634923538603","0.999634923538603","0.999634923538603"
"38","1.0003021438149544","1.0003021438149544","1.0003021438149544","0.9998555565398036","0.9998555565398036","0.9998555565398036","0.9996372597423294","0.9996372597423294","0.9996372597423294"
"39","1.0002942071369496","1.0002942071369496","1.0002942071369496","0.999855825105383","0.999855825105383","0.999855825105383","0.9996347083754957","0.9996347083754957","0.9996347083754957"
"40","1.0003176549883996","1.0003176549883996","1.0003176549883996","0.9998521191899518","0.9998521191899518","0.9998521191899518","0.999630154191858","0.999630154191858","0.999630154191858"
"41","1.0003984120932976","1.0003984120932976","1.0003984120932976","0.9998497577642216","0.9998497577642216","0.9998497577642216","0.9996113203061279","0.9996113203061279","0.9996113203061279"
"42","1.000329239820697","1.000329239820697","1.000329239820697","0.9998411201330447","0.9998411201330447","0.9998411201330447","0.999636033178959","0.999636033178959","0.999636033178959"
"43","1.0003336153293656","1.0003336153293656","1.0003336153293656","0.9998473876866447","0.9998473876866447","0.9998473876866447","0.9996298530870483","0.9996298530870483","0.9996298530870483"
"44","1.0003996589727584","1.0003996589727584","1.0003996589727584","0.9998453067975553","0.9998453067975553","0.9998453067975553","0.9996109235589317","0.9996109235589317","0.9996109235589317"
"45","1.000305304986836","1.000305304986836","1.000305304986836","0.9998364928532422","0.9998364928532422","0.9998364928532422","0.9996402677684336","0.9996402677684336","0.9996402677684336"
"46","1.0003683886991013","1.0003683886991013","1.0003683886991013","0.9998434380128057","0.9998434380128057","0.9998434380128057","0.9996177562281455","0.9996177562281455","0.9996177562281455"
"47","1.0004189740108382","1.0004189740108382","1.0004189740108382","0.9998385654887774","0.9998385654887774","0.9998385654887774","0.9996052880487792","0.9996052880487792","0.9996052880487792"
"48","1.0003550972786512","1.0003550972786512","1.0003550972786512","0.9998321625356714","0.9998321625356714","0.9998321625356714","0.9996218509704007","0.9996218509704007","0.9996218509704007"
"49","1.0003861513355232","1.0003861513355232","1.0003861513355232","0.9998346843927102","0.9998346843927102","0.9998346843927102","0.9996128129177569","0.9996128129177569","0.9996128129177569"
"50","1.000381894892222","1.000381894892222","1.000381894892222","0.9998312453053847","0.9998312453053847","0.9998312453053847","0.9996139778957883","0.9996139778957883","0.9996139778957883"
"51","1.000372482111534","1.000372482111534","1.000372482111534","0.99983018266204","0.99983018266204","0.99983018266204","0.9996159998152737","0.9996159998152737","0.9996159998152737"
"52","1.000381280778864","1.000381280778864","1.000381280778864","0.9998292139619002","0.9998292139619002","0.9998292139619002","0.999612079247441","0.999612079247441","0.999612079247441"
"53","1.000410658649023","1.000410658649023","1.000410658649023","0.9998281810900217","0.9998281810900217","0.9998281810900217","0.9996048207771222","0.9996048207771222","0.9996048207771222"
"54","1.0004315204801397","1.0004315204801397","1.0004315204801397","0.9998217729652514","0.9998217729652514","0.9998217729652514","0.9995993364375795","0.9995993364375795","0.9995993364375795"
"55","1.000441962227532","1.000441962227532","1.000441962227532","0.9998188697248445","0.9998188697248445","0.9998188697248445","0.9995971883725767","0.9995971883725767","0.9995971883725767"
"56","1.0004840318491592","1.0004840318491592","1.0004840318491592","0.9998187305127384","0.9998187305127384","0.9998187305127384","0.9995899307509281","0.9995899307509281","0.9995899307509281"
"57","1.0004496628666182","1.0004496628666182","1.0004496628666182","0.9998148627927322","0.9998148627927322","0.9998148627927322","0.9995989942349752","0.9995989942349752","0.9995989942349752"
"58","1.0004492081433474","1.0004492081433474","1.0004492081433474","0.9998240801941003","0.9998240801941003","0.9998240801941003","0.9996082970734568","0.9996082970734568","0.9996082970734568"
"59","1.0004494281316545","1.0004494281316545","1.0004494281316545","0.9998134905239923","0.9998134905239923","0.9998134905239923","0.9996242293831912","0.9996242293831912","0.9996242293831912"
"60","1.0005033964492795","1.0005033964492795","1.0005033964492795","0.9998228481322887","0.9998228481322887","0.9998228481322887","0.9995949882531046","0.9995949882531046","0.9995949882531046"
"61","1.0005428135897947","1.0005428135897947","1.0005428135897947","0.9998123647045766","0.9998123647045766","0.9998123647045766","0.9995822643621276","0.9995822643621276","0.9995822643621276"
"62","1.00049623531297","1.00049623531297","1.00049623531297","0.9998008632888926","0.9998008632888926","0.9998008632888926","0.9995945383650099","0.9995945383650099","0.9995945383650099"
"63","1.0005606751819658","1.0005606751819658","1.0005606751819658","0.9998057521778396","0.9998057521778396","0.9998057521778396","0.9995810212965044","0.9995810212965044","0.9995810212965044"
"64","1.0004679177092803","1.0004679177092803","1.0004679177092803","0.9997961395630282","0.9997961395630282","0.9997961395630282","0.9996165289127253","0.9996165289127253","0.9996165289127253"
"65","1.000528753980778","1.000528753980778","1.000528753980778","0.9998083539302822","0.9998083539302822","0.9998083539302822","0.9995919290370068","0.9995919290370068","0.9995919290370068"
"66","1.0005611374995178","1.0005611374995178","1.0005611374995178","0.9997964971278178","0.9997964971278178","0.9997964971278178","0.9995898963293569","0.9995898963293569","0.9995898963293569"
"67","1.0005446970679626","1.0005446970679626","1.0005446970679626","0.9997947513832723","0.9997947513832723","0.9997947513832723","0.9995887906084967","0.9995887906084967","0.9995887906084967"
"68","1.0005274914731628","1.0005274914731628","1.0005274914731628","0.9997885722854329","0.9997885722854329","0.9997885722854329","0.9996011943753074","0.9996011943753074","0.9996011943753074"
"69","1.0005243561219848","1.0005243561219848","1.0005243561219848","0.9997895520080344","0.9997895520080344","0.9997895520080344","0.9996010172179394","0.9996010172179394","0.9996010172179394"
"70","1.0005368408761945","1.0005368408761945","1.0005368408761945","0.9997851605902841","0.9997851605902841","0.9997851605902841","0.9996023151369566","0.9996023151369566","0.9996023151369566"
"71","1.000561370128625","1.000561370128625","1.000561370128625","0.9997875744002699","0.9997875744002699","0.9997875744002699","0.9995994927769777","0.9995994927769777","0.9995994927769777"
"72","1.0005974477045843","1.0005974477045843","1.0005974477045843","0.9997811113901631","0.9997811113901631","0.9997811113901631","0.9995794703954649","0.9995794703954649","0.9995794703954649"
"73","1.0005469329733792","1.0005469329733792","1.0005469329733792","0.9997778677147235","0.9997778677147235","0.9997778677147235","0.999600417348655","0.999600417348655","0.999600417348655"
"74","1.0005574337893646","1.0005574337893646","1.0005574337893646","0.999777192401557","0.999777192401557","0.999777192401557","0.9996111169750785","0.9996111169750785","0.9996111169750785"
"75","1.0005775151844916","1.0005775151844916","1.0005775151844916","0.9997768523790903","0.9997768523790903","0.9997768523790903","0.9996038045256408","0.9996038045256408","0.9996038045256408"
"76","1.0005713589517873","1.0005713589517873","1.0005713589517873","0.9997717359118076","0.9997717359118076","0.9997717359118076","0.9996107327654359","0.9996107327654359","0.9996107327654359"
"77","1.0005680148765796","1.0005680148765796","1.0005680148765796","0.999771695301923","0.999771695301923","0.999771695301923","0.9996108199194759","0.9996108199194759","0.9996108199194759"
"78","1.000555464179737","1.000555464179737","1.000555464179737","0.9997659024690949","0.9997659024690949","0.9997659024690949","0.9996047491176485","0.9996047491176485","0.9996047491176485"
"79","1.0005672967811852","1.0005672967811852","1.0005672967811852","0.9997677954087788","0.9997677954087788","0.9997677954087788","0.9995971417395462","0.9995971417395462","0.9995971417395462"
"80","1.0005776426806199","1.0005776426806199","1.0005776426806199","0.9997672488429427","0.9997672488429427","0.9997672488429427","0.9995956238102052","0.9995956238102052","0.9995956238102052"
"81","1.0006308013615395","1.0006308013615395","1.0006308013615395","0.9997569756638524","0.9997569756638524","0.9997569756638524","0.999599354534023","0.999599354534023","0.999599354534023"
"82","1.0006526933125433","1.0006526933125433","1.0006526933125433","0.9997644480840538","0.9997644480840538","0.9997644480840538","0.9995972497550745","0.9995972497550745","0.9995972497550745"
"83","1.0006754133178086","1.0006754133178086","1.0006754133178086","0.9997543133587958","0.9997543133587958","0.9997543133587958","0.9995811430823637","0.9995811430823637","0.9995811430823637"
"84","1.0006578982648802","1.0006578982648802","1.0006578982648802","0.9997570706350319","0.9997570706350319","0.9997570706350319","0.9996037015536461","0.9996037015536461","0.9996037015536461"
"85","1.0006239689253176","1.0006239689253176","1.0006239689253176","0.9997522016082245","0.9997522016082245","0.9997522016082245","0.9996151155256395","0.9996151155256395","0.9996151155256395"
"86","1.000643568329943","1.000643568329943","1.000643568329943","0.9997434591468508","0.9997434591468508","0.9997434591468508","0.9996118152187338","0.9996118152187338","0.9996118152187338"
"87","1.0006829456334707","1.0006829456334707","1.0006829456334707","0.999756249212249","0.999756249212249","0.999756249212249","0.9995986470655049","0.9995986470655049","0.9995986470655049"
"88","1.000728121835957","1.000728121835957","1.000728121835957","0.9997502791552312","0.9997502791552312","0.9997502791552312","0.9995889558135218","0.9995889558135218","0.9995889558135218"
"89","1.00061984524828","1.00061984524828","1.00061984524828","0.9997333272281103","0.9997333272281103","0.9997333272281103","0.999616407850719","0.999616407850719","0.999616407850719"
"90","1.000691492813155","1.000691492813155","1.000691492813155","0.9997338536451309","0.9997338536451309","0.9997338536451309","0.9996142318726903","0.9996142318726903","0.9996142318726903"
"91","1.0006831675588828","1.0006831675588828","1.0006831675588828","0.9997459691054775","0.9997459691054775","0.9997459691054775","0.999591391583553","0.999591391583553","0.999591391583553"
"92","1.0007265821439733","1.0007265821439733","1.0007265821439733","0.9997209545286789","0.9997209545286789","0.9997209545286789","0.9995913211048962","0.9995913211048962","0.9995913211048962"
"93","1.0006476250301255","1.0006476250301255","1.0006476250301255","0.9997177239017837","0.9997177239017837","0.9997177239017837","0.9996172481962514","0.9996172481962514","0.9996172481962514"
"94","1.000662627384611","1.000662627384611","1.000662627384611","0.9997123192884846","0.9997123192884846","0.9997123192884846","0.9996255397925228","0.9996255397925228","0.9996255397925228"
"95","1.0006837699616282","1.0006837699616282","1.0006837699616282","0.9997237824497174","0.9997237824497174","0.9997237824497174","0.9996097621851281","0.9996097621851281","0.9996097621851281"
"96","1.000697640011651","1.000697640011651","1.000697640011651","0.999709349055097","0.999709349055097","0.999709349055097","0.9996175537792272","0.9996175537792272","0.9996175537792272"
"97","1.0006544811636369","1.0006544811636369","1.0006544811636369","0.9996968870779926","0.9996968870779926","0.9996968870779926","0.9996370657119611","0.9996370657119611","0.9996370657119611"
"98","1.0007988632090516","1.0007988632090516","1.0007988632090516","0.9997144223766313","0.9997144223766313","0.9997144223766313","0.9996171768678174","0.9996171768678174","0.9996171768678174"
"99","1.0007121549607785","1.0007121549607785","1.0007121549607785","0.9997032781157733","0.9997032781157733","0.9997032781157733","0.9996334600683039","0.9996334600683039","0.9996334600683039"
"100","1.0006117518586588","1.0006117518586588","1.0006117518586588","0.9997078844076989","0.9997078844076989","0.9997078844076989","0.9996308481026294","0.9996308481026294","0.9996308481026294"
"101","1.000754179017733","1.000754179017733","1.000754179017733","0.9996771966781701","0.9996771966781701","0.9996771966781701","0.9996261752399355","0.9996261752399355","0.9996261752399355"
"102","1.0007330939702652","1.0007330939702652","1.0007330939702652","0.9996727506227281","0.9996727506227281","0.9996727506227281","0.9996563184566818","0.9996563184566818","0.9996563184566818"
"103","1.0007164919261387","1.0007164919261387","1.0007164919261387","0.9996829328958434","0.9996829328958434","0.9996829328958434","0.9996511474451963","0.9996511474451963","0.9996511474451963"
"104","1.000841849196965","1.000841849196965","1.000841849196965","0.999656568002213","0.999656568002213","0.999656568002213","0.9996446423397597","0.9996446423397597","0.9996446423397597"
"105","1.0007736111261833","1.0007736111261833","1.0007736111261833","0.9996489690622913","0.9996489690622913","0.9996489690622913","0.9996385626133658","0.9996385626133658","0.9996385626133658"
"106","1.000626703981695","1.000626703981695","1.000626703981695","0.999632937626165","0.999632937626165","0.999632937626165","0.9996864000576761","0.9996864000576761","0.9996864000576761"
"107","1.0006899178395432","1.0006899178395432","1.0006899178395432","0.9996325616467724","0.9996325616467724","0.9996325616467724","0.9996929704205115","0.9996929704205115","0.9996929704205115"
"108","1.000750560119891","1.000750560119891","1.000750560119891","0.9996076010715766","0.9996076010715766","0.9996076010715766","0.9997121926966746","0.9997121926966746","0.9997121926966746"
"109","1.0007654758230813","1.0007654758230813","1.0007654758230813","0.9996026629699936","0.9996026629699936","0.9996026629699936","0.9997336453385679","0.9997336453385679","0.9997336453385679"
"110","1.0008162042073843","1.0008162042073843","1.0008162042073843","0.9996202864000402","0.9996202864000402","0.9996202864000402","0.9996911831777489","0.9996911831777489","0.9996911831777489"
"111","1.0007021686521824","1.0007021686521824","1.0007021686521824","0.9995626246321154","0.9995626246321154","0.9995626246321154","0.9997315619441787","0.9997315619441787","0.9997315619441787"
"112","1.0008253142151435","1.0008253142151435","1.0008253142151435","0.999553859010774","0.999553859010774","0.999553859010774","0.9997535185208155","0.9997535185208155","0.9997535185208155"
"113","1.0006226679884815","1.0006226679884815","1.0006226679884815","0.9995336728772937","0.9995336728772937","0.9995336728772937","0.9998194553934129","0.9998194553934129","0.9998194553934129"
"114","1.0006050510088804","1.0006050510088804","1.0006050510088804","0.9995362072769278","0.9995362072769278","0.9995362072769278","0.9998179566177701","0.9998179566177701","0.9998179566177701"
"115","1.0008642433470911","1.0008642433470911","1.0008642433470911","0.9995402516858984","0.9995402516858984","0.9995402516858984","0.999806470033132","0.999806470033132","0.999806470033132"
"116","1.000781241106962","1.000781241106962","1.000781241106962","0.999502044290096","0.999502044290096","0.999502044290096","0.9998336074254719","0.9998336074254719","0.9998336074254719"
"117","1.0009171382979927","1.0009171382979927","1.0009171382979927","0.9994533021396163","0.9994533021396163","0.9994533021396163","0.9998744012878245","0.9998744012878245","0.9998744012878245"
"118","1.001001619323605","1.001001619323605","1.001001619323605","0.9994725777922033","0.9994725777922033","0.9994725777922033","0.9998616343385868","0.9998616343385868","0.9998616343385868"
"119","1.0011168670623207","1.0011168670623207","1.0011168670623207","0.9994495798819847","0.9994495798819847","0.9994495798819847","0.9998742413182079","0.9998742413182079","0.9998742413182079"
"120","1.0009531616125875","1.0009531616125875","1.0009531616125875","0.999432767026147","0.999432767026147","0.999432767026147","0.999888411987114","0.999888411987114","0.999888411987114"
"121","1.0009747984309432","1.0009747984309432","1.0009747984309432","0.9994333885354839","0.9994333885354839","0.9994333885354839","0.9999292415240922","0.9999292415240922","0.9999292415240922"
"122","1.0009547127949587","1.0009547127949587","1.0009547127949587","0.9993901147807401","0.9993901147807401","0.9993901147807401","0.9999263424090273","0.9999263424090273","0.9999263424090273"
"123","1.000835463132397","1.000835463132397","1.000835463132397","0.9993798466916879","0.9993798466916879","0.9993798466916879","0.9999495379437705","0.9999495379437705","0.9999495379437705"
"124","1.0006535075312433","1.0006535075312433","1.0006535075312433","0.9993741941350427","0.9993741941350427","0.9993741941350427","0.9999948296412153","0.9999948296412153","0.9999948296412153"
"125","1.0007290663663215","1.0007290663663215","1.0007290663663215","0.9994193725312613","0.9994193725312613","0.9994193725312613","0.9999991071361162","0.9999991071361162","0.9999991071361162"
"126","1.0010374789178367","1.0010374789178367","1.0010374789178367","0.9993619416746763","0.9993619416746763","0.9993619416746763","0.9999643511303331","0.9999643511303331","0.9999643511303331"
"127","1.0009588770768931","1.0009588770768931","1.0009588770768931","0.9993074514441894","0.9993074514441894","0.9993074514441894","0.9999845314893139","0.9999845314893139","0.9999845314893139"
"128","1.0009851358152722","1.0009851358152722","1.0009851358152722","0.9993345045606632","0.9993345045606632","0.9993345045606632","0.9999151915354962","0.9999151915354962","0.9999151915354962"
"129","1.0012556312534944","1.0012556312534944","1.0012556312534944","0.9993926063269705","0.9993926063269705","0.9993926063269705","0.9999486307243513","0.9999486307243513","0.9999486307243513"
"130","1.0011397532617428","1.0011397532617428","1.0011397532617428","0.9993405950004484","0.9993405950004484","0.9993405950004484","0.9999262571342828","0.9999262571342828","0.9999262571342828"
"131","1.0012892450809912","1.0012892450809912","1.0012892450809912","0.9992590198756244","0.9992590198756244","0.9992590198756244","0.999981218955976","0.999981218955976","0.999981218955976"
"132","1.001137683953075","1.001137683953075","1.001137683953075","0.9992112477311899","0.9992112477311899","0.9992112477311899","0.9999736175201848","0.9999736175201848","0.9999736175201848"
"133","1.0014019350828256","1.0014019350828256","1.0014019350828256","0.9991963385369946","0.9991963385369946","0.9991963385369946","0.9999617351622425","0.9999617351622425","0.9999617351622425"
"134","1.0015550547000174","1.0015550547000174","1.0015550547000174","0.9991596429633954","0.9991596429633954","0.9991596429633954","0.999996959614371","0.999996959614371","0.999996959614371"
"135","1.0012596842371708","1.0012596842371708","1.0012596842371708","0.9991879057262956","0.9991879057262956","0.9991879057262956","0.9999025079921224","0.9999025079921224","0.9999025079921224"
"136","1.0013744172057082","1.0013744172057082","1.0013744172057082","0.9992202391539304","0.9992202391539304","0.9992202391539304","0.9999076088237085","0.9999076088237085","0.9999076088237085"
"137","1.001440460279864","1.001440460279864","1.001440460279864","0.9990994542593091","0.9990994542593091","0.9990994542593091","0.9999573779827632","0.9999573779827632","0.9999573779827632"
"138","1.0014286986498087","1.0014286986498087","1.0014286986498087","0.9990743640281796","0.9990743640281796","0.9990743640281796","0.9998857596007389","0.9998857596007389","0.9998857596007389"
"139","1.0016790068166799","1.0016790068166799","1.0016790068166799","0.9990449275102926","0.9990449275102926","0.9990449275102926","0.9998579660331829","0.9998579660331829","0.9998579660331829"
"140","1.0016183365895237","1.0016183365895237","1.0016183365895237","0.9990513565736189","0.9990513565736189","0.9990513565736189","0.9998823486239852","0.9998823486239852","0.9998823486239852"
"141","1.0015263733550555","1.0015263733550555","1.0015263733550555","0.9990160520254756","0.9990160520254756","0.9990160520254756","0.9998047569892979","0.9998047569892979","0.9998047569892979"
"142","1.0015840759832892","1.0015840759832892","1.0015840759832892","0.9990125767880207","0.9990125767880207","0.9990125767880207","0.99993287605883","0.99993287605883","0.99993287605883"
"143","1.00161855446744","1.00161855446744","1.00161855446744","0.9989511564510933","0.9989511564510933","0.9989511564510933","0.9998098895016219","0.9998098895016219","0.9998098895016219"
"144","1.0018474694961628","1.0018474694961628","1.0018474694961628","0.998933716990971","0.998933716990971","0.998933716990971","0.9998962019562593","0.9998962019562593","0.9998962019562593"
"145","1.0018309542782977","1.0018309542782977","1.0018309542782977","0.9988660064398174","0.9988660064398174","0.9988660064398174","0.9998411610724329","0.9998411610724329","0.9998411610724329"
"146","1.0017942473330734","1.0017942473330734","1.0017942473330734","0.9988018345067664","0.9988018345067664","0.9988018345067664","0.9998483007415699","0.9998483007415699","0.9998483007415699"
"147","1.0016162219233635","1.0016162219233635","1.0016162219233635","0.9988426792224118","0.9988426792224118","0.9988426792224118","0.999871027197037","0.999871027197037","0.999871027197037"
"148","1.0017309231485216","1.0017309231485216","1.0017309231485216","0.9989003480535873","0.9989003480535873","0.9989003480535873","0.9997031354521424","0.9997031354521424","0.9997031354521424"
"149","1.0020172346471563","1.0020172346471563","1.0020172346471563","0.9991282637911798","0.9991282637911798","0.9991282637911798","0.9994247800109921","0.9994247800109921","0.9994247800109921"
"150","1.0018315511448965","1.0018315511448965","1.0018315511448965","0.9989499334362466","0.9989499334362466","0.9989499334362466","0.9998136283219538","0.9998136283219538","0.9998136283219538"
"151","1.0017556898606825","1.0017556898606825","1.0017556898606825","0.9987756302578277","0.9987756302578277","0.9987756302578277","0.9996759110282281","0.9996759110282281","0.9996759110282281"
"152","1.002174380134481","1.002174380134481","1.002174380134481","0.9986602790253113","0.9986602790253113","0.9986602790253113","0.9997435066766008","0.9997435066766008","0.9997435066766008"
"153","1.0024224926446155","1.0024224926446155","1.0024224926446155","0.9989589937982238","0.9989589937982238","0.9989589937982238","0.9995361353071873","0.9995361353071873","0.9995361353071873"
"154","1.0022135803465138","1.0022135803465138","1.0022135803465138","0.9988952871129507","0.9988952871129507","0.9988952871129507","0.9997153684589875","0.9997153684589875","0.9997153684589875"
"155","1.002192200436901","1.002192200436901","1.002192200436901","0.9986089066665799","0.9986089066665799","0.9986089066665799","0.9999202040249617","0.9999202040249617","0.9999202040249617"
"156","1.0020871144142414","1.0020871144142414","1.0020871144142414","0.9986751535292085","0.9986751535292085","0.9986751535292085","0.9995952741917973","0.9995952741917973","0.9995952741917973"
"157","1.0025090825640797","1.0025090825640797","1.0025090825640797","0.9986311490323946","0.9986311490323946","0.9986311490323946","0.9996231764038055","0.9996231764038055","0.9996231764038055"
"158","1.0024585377874464","1.0024585377874464","1.0024585377874464","0.9985131908330968","0.9985131908330968","0.9985131908330968","0.9998336947861756","0.9998336947861756","0.9998336947861756"
"159","1.002495730769089","1.002495730769089","1.002495730769089","0.9984051320048593","0.9984051320048593","0.9984051320048593","0.9999456997090211","0.9999456997090211","0.9999456997090211"
"160","1.0023975334853872","1.0023975334853872","1.0023975334853872","0.9983824462941709","0.9983824462941709","0.9983824462941709","0.9995502086080222","0.9995502086080222","0.9995502086080222"
"161","1.0028037108925865","1.0028037108925865","1.0028037108925865","0.9984446724718451","0.9984446724718451","0.9984446724718451","0.9998074528707279","0.9998074528707279","0.9998074528707279"
"162","1.0024113528132235","1.0024113528132235","1.0024113528132235","0.9984170629988244","0.9984170629988244","0.9984170629988244","0.9998295909292174","0.9998295909292174","0.9998295909292174"
"163","1.0024537395670727","1.0024537395670727","1.0024537395670727","0.9983431338573433","0.9983431338573433","0.9983431338573433","0.9997234754944242","0.9997234754944242","0.9997234754944242"
"164","1.0026472746360129","1.0026472746360129","1.0026472746360129","0.9983014484462681","0.9983014484462681","0.9983014484462681","0.9996184728206284","0.9996184728206284","0.9996184728206284"
"165","1.002633515983955","1.002633515983955","1.002633515983955","0.998210539636336","0.998210539636336","0.998210539636336","0.9996601571887384","0.9996601571887384","0.9996601571887384"
"166","1.0026752564262182","1.0026752564262182","1.0026752564262182","0.9979696527936723","0.9979696527936723","0.9979696527936723","0.999870144101406","0.999870144101406","0.999870144101406"
"167","1.0029844515631883","1.0029844515631883","1.0029844515631883","0.9979430145806676","0.9979430145806676","0.9979430145806676","0.999596991774653","0.999596991774653","0.999596991774653"
"168","1.0025590700828515","1.0025590700828515","1.0025590700828515","0.997813960542787","0.997813960542787","0.997813960542787","1.0000250585841954","1.0000250585841954","1.0000250585841954"
"169","1.0033896212348312","1.0033896212348312","1.0033896212348312","0.9980600183005321","0.9980600183005321","0.9980600183005321","0.9996536557104547","0.9996536557104547","0.9996536557104547"
"170","1.002909994485189","1.002909994485189","1.002909994485189","0.9980632043046967","0.9980632043046967","0.9980632043046967","0.9997380099855865","0.9997380099855865","0.9997380099855865"
"171","1.002852508548996","1.002852508548996","1.002852508548996","0.9978343183596071","0.9978343183596071","0.9978343183596071","0.9997363693866564","0.9997363693866564","0.9997363693866564"
"172","1.0031377405867092","1.0031377405867092","1.0031377405867092","0.9979123323473102","0.9979123323473102","0.9979123323473102","0.9998129442009911","0.9998129442009911","0.9998129442009911"
"173","1.0030149414751208","1.0030149414751208","1.0030149414751208","0.997944894143795","0.997944894143795","0.997944894143795","0.9997208621983156","0.9997208621983156","0.9997208621983156"
"174","1.0027992817883127","1.0027992817883127","1.0027992817883127","0.9977520145922334","0.9977520145922334","0.9977520145922334","0.9996823274307902","0.9996823274307902","0.9996823274307902"
"175","1.0029779314280114","1.0029779314280114","1.0029779314280114","0.9973580500414598","0.9973580500414598","0.9973580500414598","0.9999964714149364","0.9999964714149364","0.9999964714149364"
"176","1.0032324787146405","1.0032324787146405","1.0032324787146405","0.997607160246468","0.997607160246468","0.997607160246468","1.000234460365514","1.000234460365514","1.000234460365514"
"177","1.0016017482678505","1.0016017482678505","1.0016017482678505","0.9982883522959773","0.9982883522959773","0.9982883522959773","0.9999239016758894","0.9999239016758894","0.9999239016758894"
"178","1.0017573304781258","1.0017573304781258","1.0017573304781258","0.9980900129878107","0.9980900129878107","0.9980900129878107","1.0006303223177715","1.0006303223177715","1.0006303223177715"
"179","1.0027326680374453","1.0027326680374453","1.0027326680374453","0.9975741319056181","0.9975741319056181","0.9975741319056181","1.0008688371662129","1.0008688371662129","1.0008688371662129"
"180","1.00275140621604","1.00275140621604","1.00275140621604","0.9975683924200331","0.9975683924200331","0.9975683924200331","1.0004235318615196","1.0004235318615196","1.0004235318615196"
"181","1.00341067489517","1.00341067489517","1.00341067489517","0.9971659836219154","0.9971659836219154","0.9971659836219154","1.0002637061750825","1.0002637061750825","1.0002637061750825"
"182","1.0035152069293474","1.0035152069293474","1.0035152069293474","0.9970047488174316","0.9970047488174316","0.9970047488174316","1.0001400178475","1.0001400178475","1.0001400178475"
"183","1.0033678678937867","1.0033678678937867","1.0033678678937867","0.9969589923786127","0.9969589923786127","0.9969589923786127","1.0002555647723497","1.0002555647723497","1.0002555647723497"
"184","1.0034432024342157","1.0034432024342157","1.0034432024342157","0.9970684184518033","0.9970684184518033","0.9970684184518033","1.0004883663610828","1.0004883663610828","1.0004883663610828"
"185","1.0034621464682256","1.0034621464682256","1.0034621464682256","0.9972852594282596","0.9972852594282596","0.9972852594282596","1.000801207572074","1.000801207572074","1.000801207572074"
"186","1.0031990251035376","1.0031990251035376","1.0031990251035376","0.9970544770194889","0.9970544770194889","0.9970544770194889","1.000817133371633","1.000817133371633","1.000817133371633"
"187","1.004227916127606","1.004227916127606","1.004227916127606","0.997152553990252","0.997152553990252","0.997152553990252","1.0010373015395597","1.0010373015395597","1.0010373015395597"
"188","1.0036535343213733","1.0036535343213733","1.0036535343213733","0.9968535729205177","0.9968535729205177","0.9968535729205177","1.00082814965674","1.00082814965674","1.00082814965674"
"189","1.0033789383519767","1.0033789383519767","1.0033789383519767","0.9968492041617629","0.9968492041617629","0.9968492041617629","1.0001366877975184","1.0001366877975184","1.0001366877975184"
"190","1.0036549315001781","1.0036549315001781","1.0036549315001781","0.9968807644351408","0.9968807644351408","0.9968807644351408","1.0011887152971084","1.0011887152971084","1.0011887152971084"
"191","1.0037265782283762","1.0037265782283762","1.0037265782283762","0.9967652377690266","0.9967652377690266","0.9967652377690266","1.0011974838532662","1.0011974838532662","1.0011974838532662"
"192","1.0029057555888734","1.0029057555888734","1.0029057555888734","0.9969574054605354","0.9969574054605354","0.9969574054605354","1.000706402194926","1.000706402194926","1.000706402194926"
"193","1.00342666561072","1.00342666561072","1.00342666561072","0.9965654715164599","0.9965654715164599","0.9965654715164599","1.001041250913864","1.001041250913864","1.001041250913864"
"194","1.003255314457882","1.003255314457882","1.003255314457882","0.996753619189461","0.996753619189461","0.996753619189461","1.000789110011098","1.000789110011098","1.000789110011098"
"195","1.0023396131365587","1.0023396131365587","1.0023396131365587","0.9968579294609591","0.9968579294609591","0.9968579294609591","1.000287491238032","1.000287491238032","1.000287491238032"
"196","1.0010286732737925","1.0010286732737925","1.0010286732737925","0.9973997878345354","0.9973997878345354","0.9973997878345354","1.0001218690464229","1.0001218690464229","1.0001218690464229"
"197","1.0011077287229369","1.0011077287229369","1.0011077287229369","0.9966101929960537","0.9966101929960537","0.9966101929960537","1.0004485444825704","1.0004485444825704","1.0004485444825704"
"198","1.0009611237469573","1.0009611237469573","1.0009611237469573","0.9964858348474112","0.9964858348474112","0.9964858348474112","1.000447607656328","1.000447607656328","1.000447607656328"
"199","1.0030703032151451","1.0030703032151451","1.0030703032151451","0.996454423515988","0.996454423515988","0.996454423515988","1.0009903480992777","1.0009903480992777","1.0009903480992777"
"200","1.0030532976036317","1.0030532976036317","1.0030532976036317","0.9961675504246728","0.9961675504246728","0.9961675504246728","1.0009162559925067","1.0009162559925067","1.0009162559925067"
"201","1.002422479399082","1.002422479399082","1.002422479399082","0.9965640457172119","0.9965640457172119","0.9965640457172119","1.000466815361006","1.000466815361006","1.000466815361006"
"202","1.002273429379613","1.002273429379613","1.002273429379613","0.9966192282876785","0.9966192282876785","0.9966192282876785","1.0003511269032836","1.0003511269032836","1.0003511269032836"
"203","1.0012625433678644","1.0012625433678644","1.0012625433678644","0.9967761806913361","0.9967761806913361","0.9967761806913361","1.0004036349035166","1.0004036349035166","1.0004036349035166"
"204","1.0022588982032685","1.0022588982032685","1.0022588982032685","0.9966790632192234","0.9966790632192234","0.9966790632192234","1.0005397023015965","1.0005397023015965","1.0005397023015965"
"205","1.002779978423368","1.002779978423368","1.002779978423368","0.9963457100590406","0.9963457100590406","0.9963457100590406","1.0006856180412067","1.0006856180412067","1.0006856180412067"
"206","1.003437529244111","1.003437529244111","1.003437529244111","0.9958543925947126","0.9958543925947126","0.9958543925947126","1.000829465069262","1.000829465069262","1.000829465069262"
"207","1.0034588492722716","1.0034588492722716","1.0034588492722716","0.9956471765136292","0.9956471765136292","0.9956471765136292","1.0006858313600153","1.0006858313600153","1.0006858313600153"
"208","1.0040721060273197","1.0040721060273197","1.0040721060273197","0.9955176315532882","0.9955176315532882","0.9955176315532882","1.0004260025983438","1.0004260025983438","1.0004260025983438"
"209","1.003153488883234","1.003153488883234","1.003153488883234","0.9954430194858119","0.9954430194858119","0.9954430194858119","1.0007334457828816","1.0007334457828816","1.0007334457828816"
"210","1.0034201834250636","1.0034201834250636","1.0034201834250636","0.9954742704727311","0.9954742704727311","0.9954742704727311","1.0004050486800826","1.0004050486800826","1.0004050486800826"
"211","1.0025956249035377","1.0025956249035377","1.0025956249035377","0.9953048676573443","0.9953048676573443","0.9953048676573443","1.0008416011744719","1.0008416011744719","1.0008416011744719"
"212","1.003090314779428","1.003090314779428","1.003090314779428","0.995353107934062","0.995353107934062","0.995353107934062","1.0009616668761236","1.0009616668761236","1.0009616668761236"
"213","1.0033893110253564","1.0033893110253564","1.0033893110253564","0.9951894317675893","0.9951894317675893","0.9951894317675893","1.000217013639948","1.000217013639948","1.000217013639948"
"214","1.0030813431285202","1.0030813431285202","1.0030813431285202","0.9951076536381039","0.9951076536381039","0.9951076536381039","1.0012803937957768","1.0012803937957768","1.0012803937957768"
"215","1.0023884334980764","1.0023884334980764","1.0023884334980764","0.9949560029069396","0.9949560029069396","0.9949560029069396","1.0009887569891938","1.0009887569891938","1.0009887569891938"
"216","1.002809531198176","1.002809531198176","1.002809531198176","0.9950688091776516","0.9950688091776516","0.9950688091776516","1.0012380959120835","1.0012380959120835","1.0012380959120835"
"217","1.0031348708318846","1.0031348708318846","1.0031348708318846","0.9946711988026388","0.9946711988026388","0.9946711988026388","1.0010595817597827","1.0010595817597827","1.0010595817597827"
"218","1.0021583977279285","1.0021583977279285","1.0021583977279285","0.9950252757799016","0.9950252757799016","0.9950252757799016","1.0009738594341069","1.0009738594341069","1.0009738594341069"
"219","1.0028172813085627","1.0028172813085627","1.0028172813085627","0.9951058658839501","0.9951058658839501","0.9951058658839501","1.0015841474855218","1.0015841474855218","1.0015841474855218"
"220","1.0020899047012986","1.0020899047012986","1.0020899047012986","0.9948810393403","0.9948810393403","0.9948810393403","1.0018799679426942","1.0018799679426942","1.0018799679426942"
"221","1.002127908467249","1.002127908467249","1.002127908467249","0.9944885502149701","0.9944885502149701","0.9944885502149701","1.0009058049619344","1.0009058049619344","1.0009058049619344"
"222","1.0022980287326293","1.0022980287326293","1.0022980287326293","0.9945386313922121","0.9945386313922121","0.9945386313922121","1.001305382225359","1.001305382225359","1.001305382225359"
"223","1.0025956514489356","1.0025956514489356","1.0025956514489356","0.9942640830738824","0.9942640830738824","0.9942640830738824","1.0011220337597484","1.0011220337597484","1.0011220337597484"
"224","1.0028405941695773","1.0028405941695773","1.0028405941695773","0.9943428897976561","0.9943428897976561","0.9943428897976561","1.0014943696556915","1.0014943696556915","1.0014943696556915"
"225","1.002742960928753","1.002742960928753","1.002742960928753","0.9940020482035558","0.9940020482035558","0.9940020482035558","1.0009324885134365","1.0009324885134365","1.0009324885134365"
"226","1.0035417104489208","1.0035417104489208","1.0035417104489208","0.9941374162901802","0.9941374162901802","0.9941374162901802","1.0019273606805668","1.0019273606805668","1.0019273606805668"
"227","1.0042082520918156","1.0042082520918156","1.0042082520918156","0.9941105644136371","0.9941105644136371","0.9941105644136371","1.0011640416190124","1.0011640416190124","1.0011640416190124"
"228","1.0022631494530156","1.0022631494530156","1.0022631494530156","0.9940112399426945","0.9940112399426945","0.9940112399426945","1.0011337399870384","1.0011337399870384","1.0011337399870384"
"229","1.0042925230140343","1.0042925230140343","1.0042925230140343","0.9936796916555118","0.9936796916555118","0.9936796916555118","1.0013170318893276","1.0013170318893276","1.0013170318893276"
"230","1.0021393932235203","1.0021393932235203","1.0021393932235203","0.9937573698903933","0.9937573698903933","0.9937573698903933","1.001637803625038","1.001637803625038","1.001637803625038"
"231","1.0026068970047894","1.0026068970047894","1.0026068970047894","0.9934494018547391","0.9934494018547391","0.9934494018547391","1.001670556218986","1.001670556218986","1.001670556218986"
"232","1.0018374375437344","1.0018374375437344","1.0018374375437344","0.9933401622850656","0.9933401622850656","0.9933401622850656","1.0015495996258283","1.0015495996258283","1.0015495996258283"
"233","1.00353017857774","1.00353017857774","1.00353017857774","0.9936855172322728","0.9936855172322728","0.9936855172322728","1.0011529635084186","1.0011529635084186","1.0011529635084186"
"234","1.002744356857836","1.002744356857836","1.002744356857836","0.9936234110601541","0.9936234110601541","0.9936234110601541","1.0011308195456332","1.0011308195456332","1.0011308195456332"
"235","1.0045296950992129","1.0045296950992129","1.0045296950992129","0.993258459013136","0.993258459013136","0.993258459013136","1.0010450249682945","1.0010450249682945","1.0010450249682945"
"236","1.0038072361409154","1.0038072361409154","1.0038072361409154","0.9936301718353406","0.9936301718353406","0.9936301718353406","1.000860242788065","1.000860242788065","1.000860242788065"
"237","1.0028813169064195","1.0028813169064195","1.0028813169064195","0.9933029353508546","0.9933029353508546","0.9933029353508546","1.0012405030872364","1.0012405030872364","1.0012405030872364"
"238","1.0039235396065198","1.0039235396065198","1.0039235396065198","0.9930871314553322","0.9930871314553322","0.9930871314553322","1.0015228731973518","1.0015228731973518","1.0015228731973518"
"239","1.0050516027458847","1.0050516027458847","1.0050516027458847","0.9928280684794919","0.9928280684794919","0.9928280684794919","1.0017557892253197","1.0017557892253197","1.0017557892253197"
"240","1.0041002802388315","1.0041002802388315","1.0041002802388315","0.9930022520372404","0.9930022520372404","0.9930022520372404","1.0018069258422564","1.0018069258422564","1.0018069258422564"
"241","1.0057056411635066","1.0057056411635066","1.0057056411635066","0.992925806600342","0.992925806600342","0.992925806600342","1.0016723828374243","1.0016723828374243","1.0016723828374243"
"242","1.005149419217909","1.005149419217909","1.005149419217909","0.9927524004659987","0.9927524004659987","0.9927524004659987","1.0016557582327017","1.0016557582327017","1.0016557582327017"
"243","1.0064523818217719","1.0064523818217719","1.0064523818217719","0.9927389480237282","0.9927389480237282","0.9927389480237282","1.0019263199684585","1.0019263199684585","1.0019263199684585"
"244","1.0057553536295443","1.0057553536295443","1.0057553536295443","0.9926045896271705","0.9926045896271705","0.9926045896271705","1.0014149915212769","1.0014149915212769","1.0014149915212769"
"245","1.0050842093603811","1.0050842093603811","1.0050842093603811","0.9927091953960816","0.9927091953960816","0.9927091953960816","1.0017517697581835","1.0017517697581835","1.0017517697581835"
"246","1.0046061101569195","1.0046061101569195","1.0046061101569195","0.9932559380786932","0.9932559380786932","0.9932559380786932","1.0022203717940983","1.0022203717940983","1.0022203717940983"
"247","1.0043259377669278","1.0043259377669278","1.0043259377669278","0.993251360071392","0.993251360071392","0.993251360071392","1.0025888973081534","1.0025888973081534","1.0025888973081534"
"248","1.0023232972090301","1.0023232972090301","1.0023232972090301","0.9933492064768376","0.9933492064768376","0.9933492064768376","1.0025173785412418","1.0025173785412418","1.0025173785412418"
"249","1.0043120193158541","1.0043120193158541","1.0043120193158541","0.993423815318903","0.993423815318903","0.993423815318903","1.002819187283455","1.002819187283455","1.002819187283455"
"250","1.002075267417501","1.002075267417501","1.002075267417501","0.9924868468704905","0.9924868468704905","0.9924868468704905","1.0014606039546425","1.0014606039546425","1.0014606039546425"
"251","1.002683714409482","1.002683714409482","1.002683714409482","0.9919742562377434","0.9919742562377434","0.9919742562377434","1.0009977889295523","1.0009977889295523","1.0009977889295523"
"252","1.002858653747626","1.002858653747626","1.002858653747626","0.9916064199390555","0.9916064199390555","0.9916064199390555","1.0012102839589327","1.0012102839589327","1.0012102839589327"
"253","1.0033262688428635","1.0033262688428635","1.0033262688428635","0.9913232612436167","0.9913232612436167","0.9913232612436167","1.0017831509290733","1.0017831509290733","1.0017831509290733"
"254","1.0034612693779787","1.0034612693779787","1.0034612693779787","0.9912534953214437","0.9912534953214437","0.9912534953214437","1.0022934744045962","1.0022934744045962","1.0022934744045962"
"255","1.0031096858743067","1.0031096858743067","1.0031096858743067","0.9911979251902545","0.9911979251902545","0.9911979251902545","1.001902082711187","1.001902082711187","1.001902082711187"
"256","1.0036162241963684","1.0036162241963684","1.0036162241963684","0.9911363335257587","0.9911363335257587","0.9911363335257587","1.002488959089461","1.002488959089461","1.002488959089461"
"257","1.0037253938899913","1.0037253938899913","1.0037253938899913","0.9909939235080103","0.9909939235080103","0.9909939235080103","1.0023254698463773","1.0023254698463773","1.0023254698463773"
"258","1.004061376281509","1.004061376281509","1.004061376281509","0.9909404185751641","0.9909404185751641","0.9909404185751641","1.002247095356093","1.002247095356093","1.002247095356093"
"259","1.003562829009171","1.003562829009171","1.003562829009171","0.9911711607893973","0.9911711607893973","0.9911711607893973","1.0021043953086466","1.0021043953086466","1.0021043953086466"
"260","1.0047496252918662","1.0047496252918662","1.0047496252918662","0.9910188137081586","0.9910188137081586","0.9910188137081586","1.0024627017651442","1.0024627017651442","1.0024627017651442"
"261","1.0037176809939041","1.0037176809939041","1.0037176809939041","0.9910463374784536","0.9910463374784536","0.9910463374784536","1.0022908375854376","1.0022908375854376","1.0022908375854376"
"262","1.0039682159885173","1.0039682159885173","1.0039682159885173","0.9908610321564653","0.9908610321564653","0.9908610321564653","1.0023806821619223","1.0023806821619223","1.0023806821619223"
"263","1.004427299962238","1.004427299962238","1.004427299962238","0.9908058222803604","0.9908058222803604","0.9908058222803604","1.0024213440779268","1.0024213440779268","1.0024213440779268"
"264","1.0039792180859046","1.0039792180859046","1.0039792180859046","0.9907491104902016","0.9907491104902016","0.9907491104902016","1.0025673415463354","1.0025673415463354","1.0025673415463354"
"265","1.0042032534694791","1.0042032534694791","1.0042032534694791","0.9908063305260429","0.9908063305260429","0.9908063305260429","1.0023596293537866","1.0023596293537866","1.0023596293537866"
"266","1.0038462109055781","1.0038462109055781","1.0038462109055781","0.9907824880090462","0.9907824880090462","0.9907824880090462","1.0026983278846995","1.0026983278846995","1.0026983278846995"
"267","1.0046044388472888","1.0046044388472888","1.0046044388472888","0.9906804196045131","0.9906804196045131","0.9906804196045131","1.0027151617189247","1.0027151617189247","1.0027151617189247"
"268","1.0041663225908184","1.0041663225908184","1.0041663225908184","0.9906480158208362","0.9906480158208362","0.9906480158208362","1.0025644396594302","1.0025644396594302","1.0025644396594302"
"269","1.0041388268291116","1.0041388268291116","1.0041388268291116","0.9906045647521312","0.9906045647521312","0.9906045647521312","1.0026241127778666","1.0026241127778666","1.0026241127778666"
"270","1.0034576075072865","1.0034576075072865","1.0034576075072865","0.9906038707527769","0.9906038707527769","0.9906038707527769","1.0023674018505784","1.0023674018505784","1.0023674018505784"
"271","1.0041924268151983","1.0041924268151983","1.0041924268151983","0.9905195993231057","0.9905195993231057","0.9905195993231057","1.0026949919459003","1.0026949919459003","1.0026949919459003"
"272","1.003710393382851","1.003710393382851","1.003710393382851","0.9905127664130114","0.9905127664130114","0.9905127664130114","1.0025220526435465","1.0025220526435465","1.0025220526435465"
"273","1.0032420069534385","1.0032420069534385","1.0032420069534385","0.9904441873152925","0.9904441873152925","0.9904441873152925","1.0025855118934854","1.0025855118934854","1.0025855118934854"
"274","1.0037266425677849","1.0037266425677849","1.0037266425677849","0.9902940111383948","0.9902940111383948","0.9902940111383948","1.0029468127243668","1.0029468127243668","1.0029468127243668"
"275","1.0027927875756786","1.0027927875756786","1.0027927875756786","0.9903194056632897","0.9903194056632897","0.9903194056632897","1.002479568488426","1.002479568488426","1.002479568488426"
"276","1.003541061610942","1.003541061610942","1.003541061610942","0.9902638503025039","0.9902638503025039","0.9902638503025039","1.0025220745544425","1.0025220745544425","1.0025220745544425"
"277","1.0032495418306453","1.0032495418306453","1.0032495418306453","0.9901842641108047","0.9901842641108047","0.9901842641108047","1.0028505156467327","1.0028505156467327","1.0028505156467327"
"278","1.003202742449837","1.003202742449837","1.003202742449837","0.9902018690815468","0.9902018690815468","0.9902018690815468","1.0028777648121734","1.0028777648121734","1.0028777648121734"
"279","1.0023598377508738","1.0023598377508738","1.0023598377508738","0.9901370999752338","0.9901370999752338","0.9901370999752338","1.002725907963203","1.002725907963203","1.002725907963203"
"280","1.0027198864979348","1.0027198864979348","1.0027198864979348","0.9900418931221997","0.9900418931221997","0.9900418931221997","1.0024157840093388","1.0024157840093388","1.0024157840093388"
"281","1.0022358024162232","1.0022358024162232","1.0022358024162232","0.9900204519595835","0.9900204519595835","0.9900204519595835","1.0025039325671998","1.0025039325671998","1.0025039325671998"
"282","1.0032941876986388","1.0032941876986388","1.0032941876986388","0.9898756970654615","0.9898756970654615","0.9898756970654615","1.002652174192309","1.002652174192309","1.002652174192309"
"283","1.0029768525326155","1.0029768525326155","1.0029768525326155","0.9898130240732692","0.9898130240732692","0.9898130240732692","1.0025895055007434","1.0025895055007434","1.0025895055007434"
"284","1.003164897003203","1.003164897003203","1.003164897003203","0.989804107852177","0.989804107852177","0.989804107852177","1.0029216312567408","1.0029216312567408","1.0029216312567408"
"285","1.0032141691477459","1.0032141691477459","1.0032141691477459","0.9896755884248479","0.9896755884248479","0.9896755884248479","1.0026421875792393","1.0026421875792393","1.0026421875792393"
"286","1.003202539300877","1.003202539300877","1.003202539300877","0.9898730261834111","0.9898730261834111","0.9898730261834111","1.0026433717672865","1.0026433717672865","1.0026433717672865"
"287","1.0022573398228365","1.0022573398228365","1.0022573398228365","0.9897527934102028","0.9897527934102028","0.9897527934102028","1.0027394008790298","1.0027394008790298","1.0027394008790298"
"288","1.0028556339341939","1.0028556339341939","1.0028556339341939","0.9895809964764102","0.9895809964764102","0.9895809964764102","1.0030541104465232","1.0030541104465232","1.0030541104465232"
"289","1.0033842448088404","1.0033842448088404","1.0033842448088404","0.9896967754562762","0.9896967754562762","0.9896967754562762","1.002924256481011","1.002924256481011","1.002924256481011"
"290","1.0030818440480658","1.0030818440480658","1.0030818440480658","0.9897026746507639","0.9897026746507639","0.9897026746507639","1.0023318835647381","1.0023318835647381","1.0023318835647381"
"291","1.0043905819969046","1.0043905819969046","1.0043905819969046","0.9896171739875868","0.9896171739875868","0.9896171739875868","1.0030955163184074","1.0030955163184074","1.0030955163184074"
"292","1.001991272385219","1.001991272385219","1.001991272385219","0.989629404203632","0.989629404203632","0.989629404203632","1.0025341182926684","1.0025341182926684","1.0025341182926684"
"293","1.0032381989445414","1.0032381989445414","1.0032381989445414","0.9895147240752292","0.9895147240752292","0.9895147240752292","1.0030006382155334","1.0030006382155334","1.0030006382155334"
"294","1.0038595748642745","1.0038595748642745","1.0038595748642745","0.9895413836815096","0.9895413836815096","0.9895413836815096","1.0024619203951854","1.0024619203951854","1.0024619203951854"
"295","1.005338341927364","1.005338341927364","1.005338341927364","0.9896239568083258","0.9896239568083258","0.9896239568083258","1.002502065287286","1.002502065287286","1.002502065287286"
"296","1.0042520850540788","1.0042520850540788","1.0042520850540788","0.9894792585371965","0.9894792585371965","0.9894792585371965","1.0021090507708128","1.0021090507708128","1.0021090507708128"
"297","1.0032206222874749","1.0032206222874749","1.0032206222874749","0.9894712380990526","0.9894712380990526","0.9894712380990526","1.0025016821884167","1.0025016821884167","1.0025016821884167"
"298","1.003387472822493","1.003387472822493","1.003387472822493","0.9891096887809163","0.9891096887809163","0.9891096887809163","1.0025727692367021","1.0025727692367021","1.0025727692367021"
"299","1.0049767498680433","1.0049767498680433","1.0049767498680433","0.989143800673619","0.989143800673619","0.989143800673619","1.0030281815501865","1.0030281815501865","1.0030281815501865"
"300","1.0035444699556162","1.0035444699556162","1.0035444699556162","0.9889365482396572","0.9889365482396572","0.9889365482396572","1.0029280518497001","1.0029280518497001","1.0029280518497001"
"301","1.0035353984323607","1.0035353984323607","1.0035353984323607","0.9889282139689841","0.9889282139689841","0.9889282139689841","1.0031001173598497","1.0031001173598497","1.0031001173598497"
"302","1.0029345155096803","1.0029345155096803","1.0029345155096803","0.9888461259473835","0.9888461259473835","0.9888461259473835","1.0034525719642355","1.0034525719642355","1.0034525719642355"
"303","1.0038892136661504","1.0038892136661504","1.0038892136661504","0.9887571410254435","0.9887571410254435","0.9887571410254435","1.0031268225277552","1.0031268225277552","1.0031268225277552"
"304","1.0039300449456228","1.0039300449456228","1.0039300449456228","0.9885798631267414","0.9885798631267414","0.9885798631267414","1.0032941261258013","1.0032941261258013","1.0032941261258013"
"305","1.003868691839177","1.003868691839177","1.003868691839177","0.9886207669631445","0.9886207669631445","0.9886207669631445","1.0030419647670066","1.0030419647670066","1.0030419647670066"
"306","1.0041607366408931","1.0041607366408931","1.0041607366408931","0.9885362111077213","0.9885362111077213","0.9885362111077213","1.0031808784458602","1.0031808784458602","1.0031808784458602"
"307","1.0047044900860091","1.0047044900860091","1.0047044900860091","0.9885330809040553","0.9885330809040553","0.9885330809040553","1.002758313492308","1.002758313492308","1.002758313492308"
"308","1.004101682608986","1.004101682608986","1.004101682608986","0.988572697916151","0.988572697916151","0.988572697916151","1.0027732528282112","1.0027732528282112","1.0027732528282112"
"309","1.0037820090281317","1.0037820090281317","1.0037820090281317","0.9884177439908558","0.9884177439908558","0.9884177439908558","1.003304499112114","1.003304499112114","1.003304499112114"
"310","1.0046995496438365","1.0046995496438365","1.0046995496438365","0.9882907502576128","0.9882907502576128","0.9882907502576128","1.0034609823252316","1.0034609823252316","1.0034609823252316"
"311","1.0039920634066697","1.0039920634066697","1.0039920634066697","0.9882339548328871","0.9882339548328871","0.9882339548328871","1.0035714412282113","1.0035714412282113","1.0035714412282113"
"312","1.0041342346385578","1.0041342346385578","1.0041342346385578","0.9882004269609496","0.9882004269609496","0.9882004269609496","1.0036361148300268","1.0036361148300268","1.0036361148300268"
"313","1.0041484744370672","1.0041484744370672","1.0041484744370672","0.9881507233389151","0.9881507233389151","0.9881507233389151","1.003632604229087","1.003632604229087","1.003632604229087"
"314","1.004345057344803","1.004345057344803","1.004345057344803","0.9881518173203675","0.9881518173203675","0.9881518173203675","1.0035100841424593","1.0035100841424593","1.0035100841424593"
"315","1.0043568556423283","1.0043568556423283","1.0043568556423283","0.988084417292817","0.988084417292817","0.988084417292817","1.0036340042637053","1.0036340042637053","1.0036340042637053"
"316","1.0048280723756955","1.0048280723756955","1.0048280723756955","0.9880924491728065","0.9880924491728065","0.9880924491728065","1.0031190925037687","1.0031190925037687","1.0031190925037687"
"317","1.005481886061243","1.005481886061243","1.005481886061243","0.9881775357074598","0.9881775357074598","0.9881775357074598","1.00309861420412","1.00309861420412","1.00309861420412"
"318","1.0045273418209597","1.0045273418209597","1.0045273418209597","0.9881399251635389","0.9881399251635389","0.9881399251635389","1.0030201765731055","1.0030201765731055","1.0030201765731055"
"319","1.004165085266223","1.004165085266223","1.004165085266223","0.9881217761519371","0.9881217761519371","0.9881217761519371","1.0033952972339142","1.0033952972339142","1.0033952972339142"
"320","1.0039477806058938","1.0039477806058938","1.0039477806058938","0.9880065429789602","0.9880065429789602","0.9880065429789602","1.0035239874272042","1.0035239874272042","1.0035239874272042"
"321","1.004445086473953","1.004445086473953","1.004445086473953","0.9878825484767411","0.9878825484767411","0.9878825484767411","1.003737461874604","1.003737461874604","1.003737461874604"
"322","1.0041471377720763","1.0041471377720763","1.0041471377720763","0.9878559063553802","0.9878559063553802","0.9878559063553802","1.003855122577695","1.003855122577695","1.003855122577695"
"323","1.0051915777668905","1.0051915777668905","1.0051915777668905","0.9878604538821418","0.9878604538821418","0.9878604538821418","1.0036772294228609","1.0036772294228609","1.0036772294228609"
"324","1.0047319944442172","1.0047319944442172","1.0047319944442172","0.9877964763846625","0.9877964763846625","0.9877964763846625","1.00363946651508","1.00363946651508","1.00363946651508"
"325","1.0043751810661667","1.0043751810661667","1.0043751810661667","0.9878826635834","0.9878826635834","0.9878826635834","1.0030400175257126","1.0030400175257126","1.0030400175257126"
"326","1.004440718948771","1.004440718948771","1.004440718948771","0.9877928518849988","0.9877928518849988","0.9877928518849988","1.003504328725394","1.003504328725394","1.003504328725394"
"327","1.0040871806051137","1.0040871806051137","1.0040871806051137","0.9877339010759595","0.9877339010759595","0.9877339010759595","1.0036010493440897","1.0036010493440897","1.0036010493440897"
"328","1.0043636506599918","1.0043636506599918","1.0043636506599918","0.9876941378727003","0.9876941378727003","0.9876941378727003","1.0037493221267724","1.0037493221267724","1.0037493221267724"
"329","1.0043342325443165","1.0043342325443165","1.0043342325443165","0.987635713448647","0.987635713448647","0.987635713448647","1.0038265949143375","1.0038265949143375","1.0038265949143375"
"330","1.0043806735118777","1.0043806735118777","1.0043806735118777","0.9876094726467036","0.9876094726467036","0.9876094726467036","1.0038708742539895","1.0038708742539895","1.0038708742539895"
"331","1.0050389910994255","1.0050389910994255","1.0050389910994255","0.9876034499366587","0.9876034499366587","0.9876034499366587","1.0039162178512486","1.0039162178512486","1.0039162178512486"
"332","1.0045823688113593","1.0045823688113593","1.0045823688113593","0.987561559505547","0.987561559505547","0.987561559505547","1.0037747805369177","1.0037747805369177","1.0037747805369177"
"333","1.0043757896943568","1.0043757896943568","1.0043757896943568","0.9875678925282726","0.9875678925282726","0.9875678925282726","1.0037765651763733","1.0037765651763733","1.0037765651763733"
"334","1.004249230396357","1.004249230396357","1.004249230396357","0.9875483469617549","0.9875483469617549","0.9875483469617549","1.0036104078173502","1.0036104078173502","1.0036104078173502"
"335","1.0052878935599443","1.0052878935599443","1.0052878935599443","0.9875268462424581","0.9875268462424581","0.9875268462424581","1.0034132339377386","1.0034132339377386","1.0034132339377386"
"336","1.0046921231619725","1.0046921231619725","1.0046921231619725","0.987650387289656","0.987650387289656","0.987650387289656","1.003174438034071","1.003174438034071","1.003174438034071"
"337","1.0047324803000086","1.0047324803000086","1.0047324803000086","0.9875073492177272","0.9875073492177272","0.9875073492177272","1.0035241888394981","1.0035241888394981","1.0035241888394981"
"338","1.0046113011017415","1.0046113011017415","1.0046113011017415","0.98742134175879","0.98742134175879","0.98742134175879","1.0035071410242808","1.0035071410242808","1.0035071410242808"
"339","1.0044853756187113","1.0044853756187113","1.0044853756187113","0.9873701450610333","0.9873701450610333","0.9873701450610333","1.0037662967334533","1.0037662967334533","1.0037662967334533"
"340","1.0051705992439532","1.0051705992439532","1.0051705992439532","0.9873555868148494","0.9873555868148494","0.9873555868148494","1.0038258437019363","1.0038258437019363","1.0038258437019363"
"341","1.0046065610040606","1.0046065610040606","1.0046065610040606","0.9873017832026542","0.9873017832026542","0.9873017832026542","1.0038562769934056","1.0038562769934056","1.0038562769934056"
"342","1.0045751385553752","1.0045751385553752","1.0045751385553752","0.9872792292288113","0.9872792292288113","0.9872792292288113","1.0037471870997654","1.0037471870997654","1.0037471870997654"
"343","1.0044911479105691","1.0044911479105691","1.0044911479105691","0.9873160514140669","0.9873160514140669","0.9873160514140669","1.0037596258678358","1.0037596258678358","1.0037596258678358"
"344","1.0045247635845378","1.0045247635845378","1.0045247635845378","0.987241128224728","0.987241128224728","0.987241128224728","1.0036586636144045","1.0036586636144045","1.0036586636144045"
"345","1.004229992501512","1.004229992501512","1.004229992501512","0.9871934535978526","0.9871934535978526","0.9871934535978526","1.0038571607167854","1.0038571607167854","1.0038571607167854"
"346","1.004367144857813","1.004367144857813","1.004367144857813","0.9871488230317215","0.9871488230317215","0.9871488230317215","1.0038142554797242","1.0038142554797242","1.0038142554797242"
"347","1.0042536458036344","1.0042536458036344","1.0042536458036344","0.9871858023987744","0.9871858023987744","0.9871858023987744","1.0038492764248785","1.0038492764248785","1.0038492764248785"
"348","1.0041371326237787","1.0041371326237787","1.0041371326237787","0.9871036750391518","0.9871036750391518","0.9871036750391518","1.003999414764421","1.003999414764421","1.003999414764421"
"349","1.0043653900392329","1.0043653900392329","1.0043653900392329","0.9870435088866292","0.9870435088866292","0.9870435088866292","1.0040002253686213","1.0040002253686213","1.0040002253686213"
"350","1.0042666371954732","1.0042666371954732","1.0042666371954732","0.9870202725340969","0.9870202725340969","0.9870202725340969","1.0039800235800522","1.0039800235800522","1.0039800235800522"
"351","1.0045527120402946","1.0045527120402946","1.0045527120402946","0.9870125997894651","0.9870125997894651","0.9870125997894651","1.0039672186189768","1.0039672186189768","1.0039672186189768"
"352","1.0047422839893794","1.0047422839893794","1.0047422839893794","0.9870382923994361","0.9870382923994361","0.9870382923994361","1.003911516673423","1.003911516673423","1.003911516673423"
"353","1.0047266555260952","1.0047266555260952","1.0047266555260952","0.9868978900728871","0.9868978900728871","0.9868978900728871","1.0039314068936285","1.0039314068936285","1.0039314068936285"
"354","1.004570715997513","1.004570715997513","1.004570715997513","0.9869211842126501","0.9869211842126501","0.9869211842126501","1.0039372665039124","1.0039372665039124","1.0039372665039124"
"355","1.0045727828312567","1.0045727828312567","1.0045727828312567","0.9868281056360895","0.9868281056360895","0.9868281056360895","1.0039259567880503","1.0039259567880503","1.0039259567880503"
"356","1.0046848457844255","1.0046848457844255","1.0046848457844255","0.9867844877966268","0.9867844877966268","0.9867844877966268","1.003973128875356","1.003973128875356","1.003973128875356"
"357","1.0044029712928746","1.0044029712928746","1.0044029712928746","0.9867680275373133","0.9867680275373133","0.9867680275373133","1.004060831807654","1.004060831807654","1.004060831807654"
"358","1.0046139695447782","1.0046139695447782","1.0046139695447782","0.9867925112768133","0.9867925112768133","0.9867925112768133","1.0039880056910084","1.0039880056910084","1.0039880056910084"
"359","1.004737326507591","1.004737326507591","1.004737326507591","0.9867391304256318","0.9867391304256318","0.9867391304256318","1.00410168099004","1.00410168099004","1.00410168099004"
"360","1.0046324908115387","1.0046324908115387","1.0046324908115387","0.9867320532428892","0.9867320532428892","0.9867320532428892","1.0039645067354261","1.0039645067354261","1.0039645067354261"
"361","1.004470673692764","1.004470673692764","1.004470673692764","0.9867528598924056","0.9867528598924056","0.9867528598924056","1.004048682461488","1.004048682461488","1.004048682461488"
"362","1.0044623392754195","1.0044623392754195","1.0044623392754195","0.9867038538533527","0.9867038538533527","0.9867038538533527","1.003879265828964","1.003879265828964","1.003879265828964"
"363","1.0046413577476399","1.0046413577476399","1.0046413577476399","0.9866579620221285","0.9866579620221285","0.9866579620221285","1.004101708916217","1.004101708916217","1.004101708916217"
"364","1.0047696465372382","1.0047696465372382","1.0047696465372382","0.9866493422369886","0.9866493422369886","0.9866493422369886","1.0040487414494403","1.0040487414494403","1.0040487414494403"
"365","1.0047896895690216","1.0047896895690216","1.0047896895690216","0.9866331233053173","0.9866331233053173","0.9866331233053173","1.0041015125140884","1.0041015125140884","1.0041015125140884"
"366","1.0046310498668463","1.0046310498668463","1.0046310498668463","0.9866262983948979","0.9866262983948979","0.9866262983948979","1.0039743796552967","1.0039743796552967","1.0039743796552967"
"367","1.0048077231474901","1.0048077231474901","1.0048077231474901","0.9865994957408314","0.9865994957408314","0.9865994957408314","1.0040464955924058","1.0040464955924058","1.0040464955924058"
"368","1.0046704679426306","1.0046704679426306","1.0046704679426306","0.9866485651973398","0.9866485651973398","0.9866485651973398","1.003992251281756","1.003992251281756","1.003992251281756"
"369","1.0048003919373591","1.0048003919373591","1.0048003919373591","0.9865835690006205","0.9865835690006205","0.9865835690006205","1.0040998875527511","1.0040998875527511","1.0040998875527511"
"370","1.0050941276178165","1.0050941276178165","1.0050941276178165","0.9865498384350239","0.9865498384350239","0.9865498384350239","1.0040578035553966","1.0040578035553966","1.0040578035553966"
"371","1.00472168197416","1.00472168197416","1.00472168197416","0.9865322548652814","0.9865322548652814","0.9865322548652814","1.0041810218206586","1.0041810218206586","1.0041810218206586"
"372","1.0047538870742416","1.0047538870742416","1.0047538870742416","0.9865209220786039","0.9865209220786039","0.9865209220786039","1.0040852719846844","1.0040852719846844","1.0040852719846844"
"373","1.0047265019736764","1.0047265019736764","1.0047265019736764","0.9865149296620114","0.9865149296620114","0.9865149296620114","1.004104176726902","1.004104176726902","1.004104176726902"
"374","1.0048961353063766","1.0048961353063766","1.0048961353063766","0.9865029108562899","0.9865029108562899","0.9865029108562899","1.004014275816338","1.004014275816338","1.004014275816338"
"375","1.0043917994016243","1.0043917994016243","1.0043917994016243","0.9865085672786986","0.9865085672786986","0.9865085672786986","1.004074144453551","1.004074144453551","1.004074144453551"
"376","1.004591448394748","1.004591448394748","1.004591448394748","0.9864821932382087","0.9864821932382087","0.9864821932382087","1.0040658753972689","1.0040658753972689","1.0040658753972689"
"377","1.0047497903436604","1.0047497903436604","1.0047497903436604","0.9864593355492302","0.9864593355492302","0.9864593355492302","1.00410496509392","1.00410496509392","1.00410496509392"
"378","1.0047256390201407","1.0047256390201407","1.0047256390201407","0.9864302544688938","0.9864302544688938","0.9864302544688938","1.0041720758187564","1.0041720758187564","1.0041720758187564"
"379","1.0047786623399027","1.0047786623399027","1.0047786623399027","0.9864272256581393","0.9864272256581393","0.9864272256581393","1.0041362011983799","1.0041362011983799","1.0041362011983799"
"380","1.0045201599204108","1.0045201599204108","1.0045201599204108","0.9864653437729074","0.9864653437729074","0.9864653437729074","1.0041247465958267","1.0041247465958267","1.0041247465958267"
"381","1.004670236525214","1.004670236525214","1.004670236525214","0.9863793309994023","0.9863793309994023","0.9863793309994023","1.0042650705289056","1.0042650705289056","1.0042650705289056"
"382","1.0046730568057511","1.0046730568057511","1.0046730568057511","0.9863794661567308","0.9863794661567308","0.9863794661567308","1.0040314523056637","1.0040314523056637","1.0040314523056637"
"383","1.0050723663163355","1.0050723663163355","1.0050723663163355","0.9863950530902509","0.9863950530902509","0.9863950530902509","1.0041382719072107","1.0041382719072107","1.0041382719072107"
"384","1.0047583401744558","1.0047583401744558","1.0047583401744558","0.9863400665927041","0.9863400665927041","0.9863400665927041","1.004137791581805","1.004137791581805","1.004137791581805"
"385","1.0048055918660987","1.0048055918660987","1.0048055918660987","0.9863507741089294","0.9863507741089294","0.9863507741089294","1.0040955377034615","1.0040955377034615","1.0040955377034615"
"386","1.0048530727623926","1.0048530727623926","1.0048530727623926","0.9863292951536154","0.9863292951536154","0.9863292951536154","1.0042045049536206","1.0042045049536206","1.0042045049536206"
"387","1.0047738881587442","1.0047738881587442","1.0047738881587442","0.9863291040236282","0.9863291040236282","0.9863291040236282","1.004084076961457","1.004084076961457","1.004084076961457"
"388","1.0045370058780096","1.0045370058780096","1.0045370058780096","0.9863790502740322","0.9863790502740322","0.9863790502740322","1.0041127294545853","1.0041127294545853","1.0041127294545853"
"389","1.0048333913884215","1.0048333913884215","1.0048333913884215","0.9863068261598538","0.9863068261598538","0.9863068261598538","1.0041242304220808","1.0041242304220808","1.0041242304220808"
"390","1.0048195473381354","1.0048195473381354","1.0048195473381354","0.9862987525484462","0.9862987525484462","0.9862987525484462","1.0042408864008976","1.0042408864008976","1.0042408864008976"
"391","1.0046743302326604","1.0046743302326604","1.0046743302326604","0.9862654914571966","0.9862654914571966","0.9862654914571966","1.0042210827445532","1.0042210827445532","1.0042210827445532"
"392","1.00467534358673","1.00467534358673","1.00467534358673","0.9862583545435581","0.9862583545435581","0.9862583545435581","1.0041069840005137","1.0041069840005137","1.0041069840005137"
"393","1.0046518503452198","1.0046518503452198","1.0046518503452198","0.9862410855753507","0.9862410855753507","0.9862410855753507","1.0042586189252887","1.0042586189252887","1.0042586189252887"
"394","1.004716833898888","1.004716833898888","1.004716833898888","0.9862200744924208","0.9862200744924208","0.9862200744924208","1.0042869081183592","1.0042869081183592","1.0042869081183592"
"395","1.0047184172615935","1.0047184172615935","1.0047184172615935","0.9861864243171656","0.9861864243171656","0.9861864243171656","1.0042675718219647","1.0042675718219647","1.0042675718219647"
"396","1.004846341234211","1.004846341234211","1.004846341234211","0.9862024265472913","0.9862024265472913","0.9862024265472913","1.0041255600899186","1.0041255600899186","1.0041255600899186"
"397","1.004935786357282","1.004935786357282","1.004935786357282","0.986180080636179","0.986180080636179","0.986180080636179","1.0042615861290418","1.0042615861290418","1.0042615861290418"
"398","1.0048605367730807","1.0048605367730807","1.0048605367730807","0.9861786869708714","0.9861786869708714","0.9861786869708714","1.004076983987883","1.004076983987883","1.004076983987883"
"399","1.0045396498853882","1.0045396498853882","1.0045396498853882","0.9862224908415305","0.9862224908415305","0.9862224908415305","1.0041964045617797","1.0041964045617797","1.0041964045617797"
"400","1.0049091391040015","1.0049091391040015","1.0049091391040015","0.9860769132246219","0.9860769132246219","0.9860769132246219","1.004355170125308","1.004355170125308","1.004355170125308"
"401","1.0050592443114394","1.0050592443114394","1.0050592443114394","0.9860505833846221","0.9860505833846221","0.9860505833846221","1.0042575761559802","1.0042575761559802","1.0042575761559802"
"402","1.0049973845888693","1.0049973845888693","1.0049973845888693","0.9860623478973095","0.9860623478973095","0.9860623478973095","1.004276048318166","1.004276048318166","1.004276048318166"
"403","1.0049886495710691","1.0049886495710691","1.0049886495710691","0.9860087324839227","0.9860087324839227","0.9860087324839227","1.0042717859816674","1.0042717859816674","1.0042717859816674"
"404","1.0048079578209923","1.0048079578209923","1.0048079578209923","0.9860001324021099","0.9860001324021099","0.9860001324021099","1.0043331781675942","1.0043331781675942","1.0043331781675942"
"405","1.0049258554952767","1.0049258554952767","1.0049258554952767","0.9859956054821255","0.9859956054821255","0.9859956054821255","1.0042989359054584","1.0042989359054584","1.0042989359054584"
"406","1.0049788324030002","1.0049788324030002","1.0049788324030002","0.9859740362615356","0.9859740362615356","0.9859740362615356","1.004307561058963","1.004307561058963","1.004307561058963"
"407","1.0050019934889718","1.0050019934889718","1.0050019934889718","0.9859474344494521","0.9859474344494521","0.9859474344494521","1.0043481397354237","1.0043481397354237","1.0043481397354237"
"408","1.0050284156096756","1.0050284156096756","1.0050284156096756","0.9859532182628398","0.9859532182628398","0.9859532182628398","1.0042746968263638","1.0042746968263638","1.0042746968263638"
"409","1.0049423423093884","1.0049423423093884","1.0049423423093884","0.9859444241327592","0.9859444241327592","0.9859444241327592","1.0042662231376855","1.0042662231376855","1.0042662231376855"
"410","1.0049556689151493","1.0049556689151493","1.0049556689151493","0.9859289299044761","0.9859289299044761","0.9859289299044761","1.0043322607535274","1.0043322607535274","1.0043322607535274"
"411","1.0050471665235776","1.0050471665235776","1.0050471665235776","0.9859267523975385","0.9859267523975385","0.9859267523975385","1.004275313129257","1.004275313129257","1.004275313129257"
"412","1.005021890349077","1.005021890349077","1.005021890349077","0.9859083849081867","0.9859083849081867","0.9859083849081867","1.0043548799759148","1.0043548799759148","1.0043548799759148"
"413","1.004957875799523","1.004957875799523","1.004957875799523","0.9859375546830637","0.9859375546830637","0.9859375546830637","1.0042600775584682","1.0042600775584682","1.0042600775584682"
"414","1.004964221689517","1.004964221689517","1.004964221689517","0.9859115669635581","0.9859115669635581","0.9859115669635581","1.0043022658796155","1.0043022658796155","1.0043022658796155"
"415","1.0049993391946275","1.0049993391946275","1.0049993391946275","0.9858879486299866","0.9858879486299866","0.9858879486299866","1.0042615819044176","1.0042615819044176","1.0042615819044176"
"416","1.0050383861649321","1.0050383861649321","1.0050383861649321","0.9858848949178377","0.9858848949178377","0.9858848949178377","1.0043846383716928","1.0043846383716928","1.0043846383716928"
"417","1.0050622655479686","1.0050622655479686","1.0050622655479686","0.9858752631561961","0.9858752631561961","0.9858752631561961","1.004314822198954","1.004314822198954","1.004314822198954"
"418","1.0048675323098584","1.0048675323098584","1.0048675323098584","0.9858688266829236","0.9858688266829236","0.9858688266829236","1.0043708280227281","1.0043708280227281","1.0043708280227281"
"419","1.0049376956619025","1.0049376956619025","1.0049376956619025","0.9858727771978744","0.9858727771978744","0.9858727771978744","1.0043083521345935","1.0043083521345935","1.0043083521345935"
"420","1.0050754383460956","1.0050754383460956","1.0050754383460956","0.9858492566522962","0.9858492566522962","0.9858492566522962","1.0044156057561036","1.0044156057561036","1.0044156057561036"
"421","1.0051192074144102","1.0051192074144102","1.0051192074144102","0.9858460419877135","0.9858460419877135","0.9858460419877135","1.0043255530478108","1.0043255530478108","1.0043255530478108"
"422","1.005033628214147","1.005033628214147","1.005033628214147","0.9858352333519432","0.9858352333519432","0.9858352333519432","1.0043779522324812","1.0043779522324812","1.0043779522324812"
"423","1.0050816140170213","1.0050816140170213","1.0050816140170213","0.9858379561175593","0.9858379561175593","0.9858379561175593","1.004308992434404","1.004308992434404","1.004308992434404"
"424","1.00495503658933","1.00495503658933","1.00495503658933","0.9858524764954458","0.9858524764954458","0.9858524764954458","1.0043957692692558","1.0043957692692558","1.0043957692692558"
"425","1.0049983673065794","1.0049983673065794","1.0049983673065794","0.9858423898182734","0.9858423898182734","0.9858423898182734","1.004318138865652","1.004318138865652","1.004318138865652"
"426","1.005003397466858","1.005003397466858","1.005003397466858","0.9858176930660884","0.9858176930660884","0.9858176930660884","1.0043965022990697","1.0043965022990697","1.0043965022990697"
"427","1.005128144314429","1.005128144314429","1.005128144314429","0.9858053568258242","0.9858053568258242","0.9858053568258242","1.0043241966196335","1.0043241966196335","1.0043241966196335"
"428","1.005065605474507","1.005065605474507","1.005065605474507","0.9857979367122301","0.9857979367122301","0.9857979367122301","1.0044350411238328","1.0044350411238328","1.0044350411238328"
"429","1.0051205500201001","1.0051205500201001","1.0051205500201001","0.985793282342492","0.985793282342492","0.985793282342492","1.0043331522246663","1.0043331522246663","1.0043331522246663"
"430","1.0051055839265701","1.0051055839265701","1.0051055839265701","0.9857755088911049","0.9857755088911049","0.9857755088911049","1.004442825726896","1.004442825726896","1.004442825726896"
"431","1.0051442711914211","1.0051442711914211","1.0051442711914211","0.9857753422262265","0.9857753422262265","0.9857753422262265","1.0043308215736566","1.0043308215736566","1.0043308215736566"
"432","1.0050478372594065","1.0050478372594065","1.0050478372594065","0.9857724342909658","0.9857724342909658","0.9857724342909658","1.004395074817345","1.004395074817345","1.004395074817345"
"433","1.0050730304233895","1.0050730304233895","1.0050730304233895","0.9857739776246847","0.9857739776246847","0.9857739776246847","1.00432275824422","1.00432275824422","1.00432275824422"
"434","1.0050824285291748","1.0050824285291748","1.0050824285291748","0.9857637916338811","0.9857637916338811","0.9857637916338811","1.0044334391499135","1.0044334391499135","1.0044334391499135"
"435","1.0051217921615128","1.0051217921615128","1.0051217921615128","0.9857414906460319","0.9857414906460319","0.9857414906460319","1.0044119433492877","1.0044119433492877","1.0044119433492877"
"436","1.0051460319188728","1.0051460319188728","1.0051460319188728","0.9857445453582693","0.9857445453582693","0.9857445453582693","1.0043689733288732","1.0043689733288732","1.0043689733288732"
"437","1.0051495397496137","1.0051495397496137","1.0051495397496137","0.9857322998385654","0.9857322998385654","0.9857322998385654","1.0044168990393596","1.0044168990393596","1.0044168990393596"
"438","1.0050825322260872","1.0050825322260872","1.0050825322260872","0.9857233876478383","0.9857233876478383","0.9857233876478383","1.0044389325456506","1.0044389325456506","1.0044389325456506"
"439","1.0051745232409646","1.0051745232409646","1.0051745232409646","0.9857243212415079","0.9857243212415079","0.9857243212415079","1.0043853113878203","1.0043853113878203","1.0043853113878203"
"440","1.005016300785504","1.005016300785504","1.005016300785504","0.9857531583350817","0.9857531583350817","0.9857531583350817","1.0044163941682378","1.0044163941682378","1.0044163941682378"
"441","1.0050483706884459","1.0050483706884459","1.0050483706884459","0.9857287320529148","0.9857287320529148","0.9857287320529148","1.0043454698955119","1.0043454698955119","1.0043454698955119"
"442","1.0047795982760461","1.0047795982760461","1.0047795982760461","0.9857129372407086","0.9857129372407086","0.9857129372407086","1.004462217624227","1.004462217624227","1.004462217624227"
"443","1.0050397100969495","1.0050397100969495","1.0050397100969495","0.9857062630597193","0.9857062630597193","0.9857062630597193","1.0043879441559105","1.0043879441559105","1.0043879441559105"
"444","1.005091201971536","1.005091201971536","1.005091201971536","0.9856887627613634","0.9856887627613634","0.9856887627613634","1.0044561879732332","1.0044561879732332","1.0044561879732332"
"445","1.005120244321681","1.005120244321681","1.005120244321681","0.9856795827767955","0.9856795827767955","0.9856795827767955","1.0043867960348296","1.0043867960348296","1.0043867960348296"
"446","1.0050671549065908","1.0050671549065908","1.0050671549065908","0.9856694916618562","0.9856694916618562","0.9856694916618562","1.0044805403811792","1.0044805403811792","1.0044805403811792"
"447","1.00516619402086","1.00516619402086","1.00516619402086","0.9856445399849147","0.9856445399849147","0.9856445399849147","1.004468956561962","1.004468956561962","1.004468956561962"
"448","1.0052015514659476","1.0052015514659476","1.0052015514659476","0.9856572233193526","0.9856572233193526","0.9856572233193526","1.004389386315247","1.004389386315247","1.004389386315247"
"449","1.0051164503807966","1.0051164503807966","1.0051164503807966","0.9856498254376098","0.9856498254376098","0.9856498254376098","1.0044856500727113","1.0044856500727113","1.0044856500727113"
"450","1.005241920320469","1.005241920320469","1.005241920320469","0.9856026363260555","0.9856026363260555","0.9856026363260555","1.0044848318018569","1.0044848318018569","1.0044848318018569"
"451","1.0052259663595913","1.0052259663595913","1.0052259663595913","0.9856042335281284","0.9856042335281284","0.9856042335281284","1.0044993687246753","1.0044993687246753","1.0044993687246753"
"452","1.0052018540435406","1.0052018540435406","1.0052018540435406","0.9855763829812909","0.9855763829812909","0.9855763829812909","1.0044684635839995","1.0044684635839995","1.0044684635839995"
"453","1.0052166290526747","1.0052166290526747","1.0052166290526747","0.9855667307062204","0.9855667307062204","0.9855667307062204","1.0044979819327","1.0044979819327","1.0044979819327"
"454","1.0052000716536857","1.0052000716536857","1.0052000716536857","0.9855673927059668","0.9855673927059668","0.9855673927059668","1.0044681966867128","1.0044681966867128","1.0044681966867128"
"455","1.0052039444738388","1.0052039444738388","1.0052039444738388","0.9855613908026974","0.9855613908026974","0.9855613908026974","1.0045150555164375","1.0045150555164375","1.0045150555164375"
"456","1.0052527282752326","1.0052527282752326","1.0052527282752326","0.9855635558877379","0.9855635558877379","0.9855635558877379","1.0044666148061239","1.0044666148061239","1.0044666148061239"
"457","1.0052264630222525","1.0052264630222525","1.0052264630222525","0.9855516864115574","0.9855516864115574","0.9855516864115574","1.0045049621714832","1.0045049621714832","1.0045049621714832"
"458","1.005226852862433","1.005226852862433","1.005226852862433","0.9855608425495042","0.9855608425495042","0.9855608425495042","1.0044624352212443","1.0044624352212443","1.0044624352212443"
"459","1.0052301135680417","1.0052301135680417","1.0052301135680417","0.9855408732377955","0.9855408732377955","0.9855408732377955","1.0045233193879546","1.0045233193879546","1.0045233193879546"
"460","1.0052852286088307","1.0052852286088307","1.0052852286088307","0.9855415106678639","0.9855415106678639","0.9855415106678639","1.0044713005901025","1.0044713005901025","1.0044713005901025"
"461","1.0052302093505683","1.0052302093505683","1.0052302093505683","0.9855367177108266","0.9855367177108266","0.9855367177108266","1.004517775519485","1.004517775519485","1.004517775519485"
"462","1.0052672061903352","1.0052672061903352","1.0052672061903352","0.9855382756631499","0.9855382756631499","0.9855382756631499","1.004464868473212","1.004464868473212","1.004464868473212"
"463","1.0052242320450924","1.0052242320450924","1.0052242320450924","0.985532482567509","0.985532482567509","0.985532482567509","1.004514516646824","1.004514516646824","1.004514516646824"
"464","1.0052543629287733","1.0052543629287733","1.0052543629287733","0.9855287641410129","0.9855287641410129","0.9855287641410129","1.0044690598436594","1.0044690598436594","1.0044690598436594"
"465","1.0052058520935767","1.0052058520935767","1.0052058520935767","0.9855199478347717","0.9855199478347717","0.9855199478347717","1.0045055864525962","1.0045055864525962","1.0045055864525962"
"466","1.0052887229645355","1.0052887229645355","1.0052887229645355","0.9855280219420987","0.9855280219420987","0.9855280219420987","1.004478010471558","1.004478010471558","1.004478010471558"
"467","1.0052358446544052","1.0052358446544052","1.0052358446544052","0.9855283276403783","0.9855283276403783","0.9855283276403783","1.0045119090377885","1.0045119090377885","1.0045119090377885"
"468","1.005237703663989","1.005237703663989","1.005237703663989","0.9855170389722572","0.9855170389722572","0.9855170389722572","1.0044977827423314","1.0044977827423314","1.0044977827423314"
"469","1.0052620014433096","1.0052620014433096","1.0052620014433096","0.9855063507298668","0.9855063507298668","0.9855063507298668","1.004537085887957","1.004537085887957","1.004537085887957"
"470","1.0052670757633726","1.0052670757633726","1.0052670757633726","0.9855072010170597","0.9855072010170597","0.9855072010170597","1.0044890351539217","1.0044890351539217","1.0044890351539217"
"471","1.0052469850661876","1.0052469850661876","1.0052469850661876","0.98549806575605","0.98549806575605","0.98549806575605","1.0045093835643994","1.0045093835643994","1.0045093835643994"
"472","1.0052632242602388","1.0052632242602388","1.0052632242602388","0.9855024420200916","0.9855024420200916","0.9855024420200916","1.0044598633403403","1.0044598633403403","1.0044598633403403"
"473","1.005280352658454","1.005280352658454","1.005280352658454","0.9855017366207138","0.9855017366207138","0.9855017366207138","1.0045141709141734","1.0045141709141734","1.0045141709141734"
"474","1.0052626653202543","1.0052626653202543","1.0052626653202543","0.9854972942557025","0.9854972942557025","0.9854972942557025","1.0045188386684942","1.0045188386684942","1.0045188386684942"
"475","1.0052886773500964","1.0052886773500964","1.0052886773500964","0.98548690452572","0.98548690452572","0.98548690452572","1.0045159754950483","1.0045159754950483","1.0045159754950483"
"476","1.0052621411878546","1.0052621411878546","1.0052621411878546","0.98549025142564","0.98549025142564","0.98549025142564","1.0044789920878698","1.0044789920878698","1.0044789920878698"
"477","1.0052437658304385","1.0052437658304385","1.0052437658304385","0.9854811746334727","0.9854811746334727","0.9854811746334727","1.0045288318460688","1.0045288318460688","1.0045288318460688"
"478","1.0052696160754577","1.0052696160754577","1.0052696160754577","0.98547417946666","0.98547417946666","0.98547417946666","1.0045177791411035","1.0045177791411035","1.0045177791411035"
"479","1.0052590220933353","1.0052590220933353","1.0052590220933353","0.985470294553262","0.985470294553262","0.985470294553262","1.004530012542375","1.004530012542375","1.004530012542375"
"480","1.0052860271263948","1.0052860271263948","1.0052860271263948","0.9854692932508319","0.9854692932508319","0.9854692932508319","1.004518758066772","1.004518758066772","1.004518758066772"
"481","1.0052895492479952","1.0052895492479952","1.0052895492479952","0.9854678167092125","0.9854678167092125","0.9854678167092125","1.004529944434584","1.004529944434584","1.004529944434584"
"482","1.0052709377960833","1.0052709377960833","1.0052709377960833","0.9854700025048717","0.9854700025048717","0.9854700025048717","1.0044754893556798","1.0044754893556798","1.0044754893556798"
"483","1.0053025097853086","1.0053025097853086","1.0053025097853086","0.9854665800263477","0.9854665800263477","0.9854665800263477","1.0045433312468945","1.0045433312468945","1.0045433312468945"
"484","1.0053323673341905","1.0053323673341905","1.0053323673341905","0.9854629483195808","0.9854629483195808","0.9854629483195808","1.0045192573155073","1.0045192573155073","1.0045192573155073"
"485","1.0052502590797214","1.0052502590797214","1.0052502590797214","0.9854716707984618","0.9854716707984618","0.9854716707984618","1.0045337091167692","1.0045337091167692","1.0045337091167692"
"486","1.005288347627357","1.005288347627357","1.005288347627357","0.9854610279564222","0.9854610279564222","0.9854610279564222","1.0044905169241174","1.0044905169241174","1.0044905169241174"
"487","1.0052702593706266","1.0052702593706266","1.0052702593706266","0.9854472797361716","0.9854472797361716","0.9854472797361716","1.0045617346987146","1.0045617346987146","1.0045617346987146"
"488","1.0053305984374337","1.0053305984374337","1.0053305984374337","0.9854439752212922","0.9854439752212922","0.9854439752212922","1.00453120339004","1.00453120339004","1.00453120339004"
"489","1.0052982505251946","1.0052982505251946","1.0052982505251946","0.9854406059646263","0.9854406059646263","0.9854406059646263","1.0045789548837276","1.0045789548837276","1.0045789548837276"
"490","1.0053114763195203","1.0053114763195203","1.0053114763195203","0.98543798364906","0.98543798364906","0.98543798364906","1.0045445975209022","1.0045445975209022","1.0045445975209022"
"491","1.0053227445676163","1.0053227445676163","1.0053227445676163","0.9854357047240118","0.9854357047240118","0.9854357047240118","1.0045484375749734","1.0045484375749734","1.0045484375749734"
"492","1.0053109232596062","1.0053109232596062","1.0053109232596062","0.9854350072748","0.9854350072748","0.9854350072748","1.0045093067603024","1.0045093067603024","1.0045093067603024"
"493","1.0053279840564524","1.0053279840564524","1.0053279840564524","0.9854272291700806","0.9854272291700806","0.9854272291700806","1.0045625732911319","1.0045625732911319","1.0045625732911319"
"494","1.0053302206718988","1.0053302206718988","1.0053302206718988","0.9854251891508243","0.9854251891508243","0.9854251891508243","1.0045047279859076","1.0045047279859076","1.0045047279859076"
"495","1.0053251661043558","1.0053251661043558","1.0053251661043558","0.9854212799919054","0.9854212799919054","0.9854212799919054","1.0045619506974535","1.0045619506974535","1.0045619506974535"
"496","1.0053378552718772","1.0053378552718772","1.0053378552718772","0.9854260891141812","0.9854260891141812","0.9854260891141812","1.0045210156077415","1.0045210156077415","1.0045210156077415"
"497","1.0053331784007224","1.0053331784007224","1.0053331784007224","0.9854161635157229","0.9854161635157229","0.9854161635157229","1.0045766969280718","1.0045766969280718","1.0045766969280718"
"498","1.0053739388820684","1.0053739388820684","1.0053739388820684","0.9854142336172005","0.9854142336172005","0.9854142336172005","1.0045265953428248","1.0045265953428248","1.0045265953428248"
"499","1.0053241381565927","1.0053241381565927","1.0053241381565927","0.9854173680164313","0.9854173680164313","0.9854173680164313","1.0045628637438737","1.0045628637438737","1.0045628637438737"