"Step","deft-plasma-3 - Training Rec. Loss","deft-plasma-3 - Training Rec. Loss__MIN","deft-plasma-3 - Training Rec. Loss__MAX","deft-plasma-3 - Validation Rec. Loss","deft-plasma-3 - Validation Rec. Loss__MIN","deft-plasma-3 - Validation Rec. Loss__MAX"
"0","0.27494268579689657","0.27494268579689657","0.27494268579689657","0.14041600476118712","0.14041600476118712","0.14041600476118712"
"1","0.15012938108322985","0.15012938108322985","0.15012938108322985","0.1370356253535192","0.1370356253535192","0.1370356253535192"
"2","0.14476375447583498","0.14476375447583498","0.14476375447583498","0.13587156212534474","0.13587156212534474","0.13587156212534474"
"3","0.14256807032433022","0.14256807032433022","0.14256807032433022","0.13307831289205418","0.13307831289205418","0.13307831289205418"
"4","0.14086376508878823","0.14086376508878823","0.14086376508878823","0.13117843149125563","0.13117843149125563","0.13117843149125563"
"5","0.13822924478787885","0.13822924478787885","0.13822924478787885","0.1291804272830633","0.1291804272830633","0.1291804272830633"
"6","0.13477819673619398","0.13477819673619398","0.13477819673619398","0.12596077777989537","0.12596077777989537","0.12596077777989537"
"7","0.12821654860171314","0.12821654860171314","0.12821654860171314","0.11901820127217295","0.11901820127217295","0.11901820127217295"
"8","0.11982694785664093","0.11982694785664093","0.11982694785664093","0.10970240136637034","0.10970240136637034","0.10970240136637034"
"9","0.11081559877969484","0.11081559877969484","0.11081559877969484","0.10282962209448651","0.10282962209448651","0.10282962209448651"
"10","0.10652183947965384","0.10652183947965384","0.10652183947965384","0.10097632873321231","0.10097632873321231","0.10097632873321231"
"11","0.10242438423131116","0.10242438423131116","0.10242438423131116","0.09848909263374432","0.09848909263374432","0.09848909263374432"
"12","0.10054973490928161","0.10054973490928161","0.10054973490928161","0.09933444479405128","0.09933444479405128","0.09933444479405128"
"13","0.0991703789640798","0.0991703789640798","0.0991703789640798","0.09276222681525755","0.09276222681525755","0.09276222681525755"
"14","0.09413794681131875","0.09413794681131875","0.09413794681131875","0.0868725799421564","0.0868725799421564","0.0868725799421564"
"15","0.08956064232972225","0.08956064232972225","0.08956064232972225","0.08386175382774883","0.08386175382774883","0.08386175382774883"
"16","0.08746921182464422","0.08746921182464422","0.08746921182464422","0.08028490609235668","0.08028490609235668","0.08028490609235668"
"17","0.0835843246715152","0.0835843246715152","0.0835843246715152","0.07604675451840699","0.07604675451840699","0.07604675451840699"
"18","0.07888115490762479","0.07888115490762479","0.07888115490762479","0.07600001698366556","0.07600001698366556","0.07600001698366556"
"19","0.07567208958630216","0.07567208958630216","0.07567208958630216","0.07589939538841348","0.07589939538841348","0.07589939538841348"
"20","0.07856445008269321","0.07856445008269321","0.07856445008269321","0.07059822047285905","0.07059822047285905","0.07059822047285905"
"21","0.07616596467955833","0.07616596467955833","0.07616596467955833","0.07124920579393249","0.07124920579393249","0.07124920579393249"
"22","0.07233266054002112","0.07233266054002112","0.07233266054002112","0.0716530305948326","0.0716530305948326","0.0716530305948326"
"23","0.06963227744059998","0.06963227744059998","0.06963227744059998","0.07240111682287693","0.07240111682287693","0.07240111682287693"
"24","0.06705330024427565","0.06705330024427565","0.06705330024427565","0.061214269884328744","0.061214269884328744","0.061214269884328744"
"25","0.06477458808923603","0.06477458808923603","0.06477458808923603","0.05737296553707805","0.05737296553707805","0.05737296553707805"
"26","0.06537510562791203","0.06537510562791203","0.06537510562791203","0.06614556865842613","0.06614556865842613","0.06614556865842613"
"27","0.06003756440488284","0.06003756440488284","0.06003756440488284","0.060963114020776296","0.060963114020776296","0.060963114020776296"
"28","0.057079249733897885","0.057079249733897885","0.057079249733897885","0.05743936074098513","0.05743936074098513","0.05743936074098513"
"29","0.053356988831668874","0.053356988831668874","0.053356988831668874","0.04699968989233184","0.04699968989233184","0.04699968989233184"
"30","0.050252383791472274","0.050252383791472274","0.050252383791472274","0.04737623560383067","0.04737623560383067","0.04737623560383067"
"31","0.04850989463186538","0.04850989463186538","0.04850989463186538","0.04593977807600657","0.04593977807600657","0.04593977807600657"
"32","0.0473390043637041","0.0473390043637041","0.0473390043637041","0.05260710791654377","0.05260710791654377","0.05260710791654377"
"33","0.04321906966829285","0.04321906966829285","0.04321906966829285","0.04047534065070029","0.04047534065070029","0.04047534065070029"
"34","0.04090690406179126","0.04090690406179126","0.04090690406179126","0.03715132142131728","0.03715132142131728","0.03715132142131728"
"35","0.035081167037299424","0.035081167037299424","0.035081167037299424","0.03480010425464266","0.03480010425464266","0.03480010425464266"
"36","0.03236817368700335","0.03236817368700335","0.03236817368700335","0.03573973134061109","0.03573973134061109","0.03573973134061109"
"37","0.029758141086426722","0.029758141086426722","0.029758141086426722","0.031116479067928065","0.031116479067928065","0.031116479067928065"
"38","0.033178301612595405","0.033178301612595405","0.033178301612595405","0.025978990308936783","0.025978990308936783","0.025978990308936783"
"39","0.028214676794280125","0.028214676794280125","0.028214676794280125","0.023236468196532294","0.023236468196532294","0.023236468196532294"
"40","0.026110635546585097","0.026110635546585097","0.026110635546585097","0.031567324990957026","0.031567324990957026","0.031567324990957026"
"41","0.027249077184001144","0.027249077184001144","0.027249077184001144","0.024488497020730207","0.024488497020730207","0.024488497020730207"
"42","0.027560085022519748","0.027560085022519748","0.027560085022519748","0.027996637224552878","0.027996637224552878","0.027996637224552878"
"43","0.02538259934960361","0.02538259934960361","0.02538259934960361","0.03024740484895799","0.03024740484895799","0.03024740484895799"
"44","0.02396039919925062","0.02396039919925062","0.02396039919925062","0.026941285722027503","0.026941285722027503","0.026941285722027503"
"45","0.02219268907297878","0.02219268907297878","0.02219268907297878","0.017605775651651428","0.017605775651651428","0.017605775651651428"
"46","0.02218008377089823","0.02218008377089823","0.02218008377089823","0.021268781286095006","0.021268781286095006","0.021268781286095006"
"47","0.02209137702564295","0.02209137702564295","0.02209137702564295","0.02104842878205086","0.02104842878205086","0.02104842878205086"
"48","0.01986813092772707","0.01986813092772707","0.01986813092772707","0.020780508389550156","0.020780508389550156","0.020780508389550156"
"49","0.020993407445130764","0.020993407445130764","0.020993407445130764","0.02587943219051581","0.02587943219051581","0.02587943219051581"
"50","0.021365117541335233","0.021365117541335233","0.021365117541335233","0.020776081533371314","0.020776081533371314","0.020776081533371314"
"51","0.020336146139924294","0.020336146139924294","0.020336146139924294","0.018558509039116208","0.018558509039116208","0.018558509039116208"
"52","0.020786036577035826","0.020786036577035826","0.020786036577035826","0.023335795975087663","0.023335795975087663","0.023335795975087663"
"53","0.022281050550383357","0.022281050550383357","0.022281050550383357","0.019065949783041266","0.019065949783041266","0.019065949783041266"
"54","0.020558455907945725","0.020558455907945725","0.020558455907945725","0.023643980110240957","0.023643980110240957","0.023643980110240957"
"55","0.01978228109514272","0.01978228109514272","0.01978228109514272","0.018405191530171266","0.018405191530171266","0.018405191530171266"
"56","0.01893620150918746","0.01893620150918746","0.01893620150918746","0.017849596844715043","0.017849596844715043","0.017849596844715043"
"57","0.019118802034702915","0.019118802034702915","0.019118802034702915","0.01883980092123877","0.01883980092123877","0.01883980092123877"
"58","0.01723675011980621","0.01723675011980621","0.01723675011980621","0.020138912096225974","0.020138912096225974","0.020138912096225974"
"59","0.019806824072938146","0.019806824072938146","0.019806824072938146","0.019752358340860143","0.019752358340860143","0.019752358340860143"
"60","0.020941271826567923","0.020941271826567923","0.020941271826567923","0.021677364901303876","0.021677364901303876","0.021677364901303876"
"61","0.019458657028297868","0.019458657028297868","0.019458657028297868","0.016754719852543638","0.016754719852543638","0.016754719852543638"
"62","0.018817053332450758","0.018817053332450758","0.018817053332450758","0.02067176539109081","0.02067176539109081","0.02067176539109081"
"63","0.019484374691406882","0.019484374691406882","0.019484374691406882","0.025540475728897415","0.025540475728897415","0.025540475728897415"
"64","0.01970685947161746","0.01970685947161746","0.01970685947161746","0.018261770094952647","0.018261770094952647","0.018261770094952647"
"65","0.018302908667150238","0.018302908667150238","0.018302908667150238","0.017230011588868426","0.017230011588868426","0.017230011588868426"
"66","0.018018892944993363","0.018018892944993363","0.018018892944993363","0.0194558365123248","0.0194558365123248","0.0194558365123248"
"67","0.01876699418819931","0.01876699418819931","0.01876699418819931","0.016546602022269954","0.016546602022269954","0.016546602022269954"
"68","0.020294385872942324","0.020294385872942324","0.020294385872942324","0.02358510051876122","0.02358510051876122","0.02358510051876122"
"69","0.019484977846379516","0.019484977846379516","0.019484977846379516","0.014730658092126661","0.014730658092126661","0.014730658092126661"
"70","0.018689271760790726","0.018689271760790726","0.018689271760790726","0.0173249621458882","0.0173249621458882","0.0173249621458882"
"71","0.016838470166124282","0.016838470166124282","0.016838470166124282","0.020220046556822763","0.020220046556822763","0.020220046556822763"
"72","0.017759976073360127","0.017759976073360127","0.017759976073360127","0.01861840839106219","0.01861840839106219","0.01861840839106219"
"73","0.01801201078498389","0.01801201078498389","0.01801201078498389","0.016168882185262447","0.016168882185262447","0.016168882185262447"
"74","0.015388484186880373","0.015388484186880373","0.015388484186880373","0.01467066922012846","0.01467066922012846","0.01467066922012846"
"75","0.015437843229004504","0.015437843229004504","0.015437843229004504","0.015468056443843949","0.015468056443843949","0.015468056443843949"
"76","0.016216551180418155","0.016216551180418155","0.016216551180418155","0.019400634179858666","0.019400634179858666","0.019400634179858666"
"77","0.017983024751380798","0.017983024751380798","0.017983024751380798","0.01742636900672178","0.01742636900672178","0.01742636900672178"
"78","0.016647672329918924","0.016647672329918924","0.016647672329918924","0.015321931976404588","0.015321931976404588","0.015321931976404588"
"79","0.018622504911544824","0.018622504911544824","0.018622504911544824","0.018073904954031685","0.018073904954031685","0.018073904954031685"
"80","0.016401290287360943","0.016401290287360943","0.016401290287360943","0.016061858879012958","0.016061858879012958","0.016061858879012958"
"81","0.017746467002060402","0.017746467002060402","0.017746467002060402","0.02155405737133942","0.02155405737133942","0.02155405737133942"
"82","0.016907472812338016","0.016907472812338016","0.016907472812338016","0.018205205479455363","0.018205205479455363","0.018205205479455363"
"83","0.016622756235022327","0.016622756235022327","0.016622756235022327","0.01425866731836739","0.01425866731836739","0.01425866731836739"
"84","0.017247137756139962","0.017247137756139962","0.017247137756139962","0.020146320011636538","0.020146320011636538","0.020146320011636538"
"85","0.017547398191829613","0.017547398191829613","0.017547398191829613","0.021896223401423935","0.021896223401423935","0.021896223401423935"
"86","0.01626123513562438","0.01626123513562438","0.01626123513562438","0.01587084152589052","0.01587084152589052","0.01587084152589052"
"87","0.015918866267286842","0.015918866267286842","0.015918866267286842","0.019224257368272418","0.019224257368272418","0.019224257368272418"
"88","0.01706119922462178","0.01706119922462178","0.01706119922462178","0.01669490676367633","0.01669490676367633","0.01669490676367633"
"89","0.016827583114794698","0.016827583114794698","0.016827583114794698","0.01754746826261154","0.01754746826261154","0.01754746826261154"
"90","0.01706229844011085","0.01706229844011085","0.01706229844011085","0.018716962679208214","0.018716962679208214","0.018716962679208214"
"91","0.016310417123079828","0.016310417123079828","0.016310417123079828","0.01464246074746657","0.01464246074746657","0.01464246074746657"
"92","0.016688613894409603","0.016688613894409603","0.016688613894409603","0.01954299598148606","0.01954299598148606","0.01954299598148606"
"93","0.017364206450385552","0.017364206450385552","0.017364206450385552","0.014762735255833118","0.014762735255833118","0.014762735255833118"
"94","0.014685394679903563","0.014685394679903563","0.014685394679903563","0.015662698071924","0.015662698071924","0.015662698071924"
"95","0.015575956601456657","0.015575956601456657","0.015575956601456657","0.018389128924019928","0.018389128924019928","0.018389128924019928"
"96","0.018152476633048302","0.018152476633048302","0.018152476633048302","0.022764455001445544","0.022764455001445544","0.022764455001445544"
"97","0.016428230977066333","0.016428230977066333","0.016428230977066333","0.019639403812140327","0.019639403812140327","0.019639403812140327"
"98","0.017494864034305526","0.017494864034305526","0.017494864034305526","0.02021432849346601","0.02021432849346601","0.02021432849346601"
"99","0.01582785485622123","0.01582785485622123","0.01582785485622123","0.023146017334045754","0.023146017334045754","0.023146017334045754"
"100","0.010489318029239489","0.010489318029239489","0.010489318029239489","0.012088272610264296","0.012088272610264296","0.012088272610264296"
"101","0.009371749826271038","0.009371749826271038","0.009371749826271038","0.012692962453799913","0.012692962453799913","0.012692962453799913"
"102","0.009128028412691102","0.009128028412691102","0.009128028412691102","0.009009249707201234","0.009009249707201234","0.009009249707201234"
"103","0.008896620441199298","0.008896620441199298","0.008896620441199298","0.01164783676432256","0.01164783676432256","0.01164783676432256"
"104","0.00890824380689084","0.00890824380689084","0.00890824380689084","0.009865232472661859","0.009865232472661859","0.009865232472661859"
"105","0.008598872869489668","0.008598872869489668","0.008598872869489668","0.009288177346920666","0.009288177346920666","0.009288177346920666"
"106","0.009474192947344149","0.009474192947344149","0.009474192947344149","0.011747450419054672","0.011747450419054672","0.011747450419054672"
"107","0.008779783454386118","0.008779783454386118","0.008779783454386118","0.009120157173755639","0.009120157173755639","0.009120157173755639"
"108","0.008781332784922234","0.008781332784922234","0.008781332784922234","0.011918047384661356","0.011918047384661356","0.011918047384661356"
"109","0.008843964707361223","0.008843964707361223","0.008843964707361223","0.012712978840665537","0.012712978840665537","0.012712978840665537"
"110","0.009921526558455004","0.009921526558455004","0.009921526558455004","0.012907024763654426","0.012907024763654426","0.012907024763654426"
"111","0.009081403657563842","0.009081403657563842","0.009081403657563842","0.008745716486121494","0.008745716486121494","0.008745716486121494"
"112","0.00947933265406891","0.00947933265406891","0.00947933265406891","0.010344933947862735","0.010344933947862735","0.010344933947862735"
"113","0.00882202736433959","0.00882202736433959","0.00882202736433959","0.008389870697721027","0.008389870697721027","0.008389870697721027"
"114","0.008224893130929518","0.008224893130929518","0.008224893130929518","0.008961720327979797","0.008961720327979797","0.008961720327979797"
"115","0.008427901052152551","0.008427901052152551","0.008427901052152551","0.010857811060373678","0.010857811060373678","0.010857811060373678"
"116","0.009312200481963078","0.009312200481963078","0.009312200481963078","0.00843913105581295","0.00843913105581295","0.00843913105581295"
"117","0.008426901359630402","0.008426901359630402","0.008426901359630402","0.008412532870421837","0.008412532870421837","0.008412532870421837"
"118","0.00943983230523176","0.00943983230523176","0.00943983230523176","0.013168147071130077","0.013168147071130077","0.013168147071130077"
"119","0.009016450970268349","0.009016450970268349","0.009016450970268349","0.008601231191251136","0.008601231191251136","0.008601231191251136"
"120","0.008742863636889165","0.008742863636889165","0.008742863636889165","0.01050971214512519","0.01050971214512519","0.01050971214512519"
"121","0.008576721950645943","0.008576721950645943","0.008576721950645943","0.010365822870484365","0.010365822870484365","0.010365822870484365"
"122","0.00845094591185358","0.00845094591185358","0.00845094591185358","0.010755491928333145","0.010755491928333145","0.010755491928333145"
"123","0.009227255277705508","0.009227255277705508","0.009227255277705508","0.0102287286353431","0.0102287286353431","0.0102287286353431"
"124","0.00955673224065444","0.00955673224065444","0.00955673224065444","0.009476310504330154","0.009476310504330154","0.009476310504330154"
"125","0.008279002252055084","0.008279002252055084","0.008279002252055084","0.009894695897491233","0.009894695897491233","0.009894695897491233"
"126","0.008268595184881244","0.008268595184881244","0.008268595184881244","0.008876289138956318","0.008876289138956318","0.008876289138956318"
"127","0.009365161596305953","0.009365161596305953","0.009365161596305953","0.010534674960505242","0.010534674960505242","0.010534674960505242"
"128","0.008943667950303932","0.008943667950303932","0.008943667950303932","0.0094024026252426","0.0094024026252426","0.0094024026252426"
"129","0.00823015637797109","0.00823015637797109","0.00823015637797109","0.010267455631008034","0.010267455631008034","0.010267455631008034"
"130","0.008682902566853345","0.008682902566853345","0.008682902566853345","0.01157387011133031","0.01157387011133031","0.01157387011133031"
"131","0.008904658093511117","0.008904658093511117","0.008904658093511117","0.010284747970007684","0.010284747970007684","0.010284747970007684"
"132","0.00816331730272719","0.00816331730272719","0.00816331730272719","0.010276940804689647","0.010276940804689647","0.010276940804689647"
"133","0.009635626142817726","0.009635626142817726","0.009635626142817726","0.009220686672492437","0.009220686672492437","0.009220686672492437"
"134","0.007856693585034397","0.007856693585034397","0.007856693585034397","0.008842104695241286","0.008842104695241286","0.008842104695241286"
"135","0.009122234053608133","0.009122234053608133","0.009122234053608133","0.013354203795855977","0.013354203795855977","0.013354203795855977"
"136","0.008857570827427753","0.008857570827427753","0.008857570827427753","0.007037037728277518","0.007037037728277518","0.007037037728277518"
"137","0.007953377868792636","0.007953377868792636","0.007953377868792636","0.008807245945448012","0.008807245945448012","0.008807245945448012"
"138","0.009211031041816566","0.009211031041816566","0.009211031041816566","0.009334903831382219","0.009334903831382219","0.009334903831382219"
"139","0.008109238289257505","0.008109238289257505","0.008109238289257505","0.008949604401893256","0.008949604401893256","0.008949604401893256"
"140","0.008267610052719945","0.008267610052719945","0.008267610052719945","0.0069356563610890164","0.0069356563610890164","0.0069356563610890164"
"141","0.008393622981684995","0.008393622981684995","0.008393622981684995","0.012986541153118737","0.012986541153118737","0.012986541153118737"
"142","0.008775655675840694","0.008775655675840694","0.008775655675840694","0.008740889075437968","0.008740889075437968","0.008740889075437968"
"143","0.008420299466008169","0.008420299466008169","0.008420299466008169","0.012421780632807172","0.012421780632807172","0.012421780632807172"
"144","0.008311861566739576","0.008311861566739576","0.008311861566739576","0.007684622861696483","0.007684622861696483","0.007684622861696483"
"145","0.008745421955756012","0.008745421955756012","0.008745421955756012","0.0124249528466602","0.0124249528466602","0.0124249528466602"
"146","0.00873027102198011","0.00873027102198011","0.00873027102198011","0.00865457800814199","0.00865457800814199","0.00865457800814199"
"147","0.008214023423092413","0.008214023423092413","0.008214023423092413","0.010502173457197145","0.010502173457197145","0.010502173457197145"
"148","0.007720022556920892","0.007720022556920892","0.007720022556920892","0.008991742075867379","0.008991742075867379","0.008991742075867379"
"149","0.007907417334592945","0.007907417334592945","0.007907417334592945","0.008942282521239454","0.008942282521239454","0.008942282521239454"
"150","0.008121582532778301","0.008121582532778301","0.008121582532778301","0.008905195873223356","0.008905195873223356","0.008905195873223356"
"151","0.008643937046409502","0.008643937046409502","0.008643937046409502","0.007545392688662076","0.007545392688662076","0.007545392688662076"
"152","0.00840485325322117","0.00840485325322117","0.00840485325322117","0.009928160507362045","0.009928160507362045","0.009928160507362045"
"153","0.008404420926824335","0.008404420926824335","0.008404420926824335","0.009024873561607409","0.009024873561607409","0.009024873561607409"
"154","0.008258320372488456","0.008258320372488456","0.008258320372488456","0.007724765652805473","0.007724765652805473","0.007724765652805473"
"155","0.007820975026227901","0.007820975026227901","0.007820975026227901","0.01276990712111407","0.01276990712111407","0.01276990712111407"
"156","0.00856216994869012","0.00856216994869012","0.00856216994869012","0.009198361521429686","0.009198361521429686","0.009198361521429686"
"157","0.007805381878250199","0.007805381878250199","0.007805381878250199","0.007775185169791504","0.007775185169791504","0.007775185169791504"
"158","0.008364670436116906","0.008364670436116906","0.008364670436116906","0.010078517262719907","0.010078517262719907","0.010078517262719907"
"159","0.007878879490295922","0.007878879490295922","0.007878879490295922","0.008896754917852323","0.008896754917852323","0.008896754917852323"
"160","0.008824885426689145","0.008824885426689145","0.008824885426689145","0.008314909485400424","0.008314909485400424","0.008314909485400424"
"161","0.00947574321833203","0.00947574321833203","0.00947574321833203","0.008550021562582366","0.008550021562582366","0.008550021562582366"
"162","0.008531345959935866","0.008531345959935866","0.008531345959935866","0.007188414893075522","0.007188414893075522","0.007188414893075522"
"163","0.007951512697090405","0.007951512697090405","0.007951512697090405","0.00815404778989488","0.00815404778989488","0.00815404778989488"
"164","0.00788527747424724","0.00788527747424724","0.00788527747424724","0.008444461411861283","0.008444461411861283","0.008444461411861283"
"165","0.008743336293917237","0.008743336293917237","0.008743336293917237","0.011262092319779277","0.011262092319779277","0.011262092319779277"
"166","0.0078114432888725304","0.0078114432888725304","0.0078114432888725304","0.007779564892131416","0.007779564892131416","0.007779564892131416"
"167","0.007837175914830276","0.007837175914830276","0.007837175914830276","0.006694845806559839","0.006694845806559839","0.006694845806559839"
"168","0.007726287685718578","0.007726287685718578","0.007726287685718578","0.009148894503885473","0.009148894503885473","0.009148894503885473"
"169","0.008716280110289678","0.008716280110289678","0.008716280110289678","0.008270815401701836","0.008270815401701836","0.008270815401701836"
"170","0.008040371599898155","0.008040371599898155","0.008040371599898155","0.010389322179202362","0.010389322179202362","0.010389322179202362"
"171","0.008441401400663627","0.008441401400663627","0.008441401400663627","0.007839355598108586","0.007839355598108586","0.007839355598108586"
"172","0.008086904249998564","0.008086904249998564","0.008086904249998564","0.007956225756272521","0.007956225756272521","0.007956225756272521"
"173","0.007944344112033095","0.007944344112033095","0.007944344112033095","0.007205869022537506","0.007205869022537506","0.007205869022537506"
"174","0.007397745439529209","0.007397745439529209","0.007397745439529209","0.006769325959276233","0.006769325959276233","0.006769325959276233"
"175","0.008228443552723395","0.008228443552723395","0.008228443552723395","0.00906124788203476","0.00906124788203476","0.00906124788203476"
"176","0.008164577695195113","0.008164577695195113","0.008164577695195113","0.011134925086688173","0.011134925086688173","0.011134925086688173"
"177","0.008517376960990052","0.008517376960990052","0.008517376960990052","0.007585846907569196","0.007585846907569196","0.007585846907569196"
"178","0.008206335753385474","0.008206335753385474","0.008206335753385474","0.009247092945356132","0.009247092945356132","0.009247092945356132"
"179","0.008274825414075742","0.008274825414075742","0.008274825414075742","0.008520559014353644","0.008520559014353644","0.008520559014353644"
"180","0.008844872079050064","0.008844872079050064","0.008844872079050064","0.010594186196520403","0.010594186196520403","0.010594186196520403"
"181","0.008597795341450186","0.008597795341450186","0.008597795341450186","0.00857365989542732","0.00857365989542732","0.00857365989542732"
"182","0.007829613666432715","0.007829613666432715","0.007829613666432715","0.006498304514183951","0.006498304514183951","0.006498304514183951"
"183","0.007119656855125441","0.007119656855125441","0.007119656855125441","0.00836334240157223","0.00836334240157223","0.00836334240157223"
"184","0.007530251017092713","0.007530251017092713","0.007530251017092713","0.008393995238389207","0.008393995238389207","0.008393995238389207"
"185","0.008152010896448078","0.008152010896448078","0.008152010896448078","0.009036852700738065","0.009036852700738065","0.009036852700738065"
"186","0.00788403187255392","0.00788403187255392","0.00788403187255392","0.009533465002198238","0.009533465002198238","0.009533465002198238"
"187","0.008716909560108206","0.008716909560108206","0.008716909560108206","0.008696794426186911","0.008696794426186911","0.008696794426186911"
"188","0.007391640485240244","0.007391640485240244","0.007391640485240244","0.00730043465483758","0.00730043465483758","0.00730043465483758"
"189","0.007935373460790164","0.007935373460790164","0.007935373460790164","0.007246444915629483","0.007246444915629483","0.007246444915629483"
"190","0.007891293212594536","0.007891293212594536","0.007891293212594536","0.007849803591851792","0.007849803591851792","0.007849803591851792"
"191","0.007777511023429729","0.007777511023429729","0.007777511023429729","0.010526338486345219","0.010526338486345219","0.010526338486345219"
"192","0.008112921633867731","0.008112921633867731","0.008112921633867731","0.009179533916329906","0.009179533916329906","0.009179533916329906"
"193","0.007816070502740588","0.007816070502740588","0.007816070502740588","0.00811777986657971","0.00811777986657971","0.00811777986657971"
"194","0.00843789647238446","0.00843789647238446","0.00843789647238446","0.007004313472886333","0.007004313472886333","0.007004313472886333"
"195","0.007902670905047966","0.007902670905047966","0.007902670905047966","0.006973088072946644","0.006973088072946644","0.006973088072946644"
"196","0.0076374827092673585","0.0076374827092673585","0.0076374827092673585","0.008562504140679581","0.008562504140679581","0.008562504140679581"
"197","0.007238190524290602","0.007238190524290602","0.007238190524290602","0.007669399294744791","0.007669399294744791","0.007669399294744791"
"198","0.008493114480239537","0.008493114480239537","0.008493114480239537","0.011977458730728821","0.011977458730728821","0.011977458730728821"
"199","0.008158856282871467","0.008158856282871467","0.008158856282871467","0.007836071860127296","0.007836071860127296","0.007836071860127296"
"200","0.0054924208380332925","0.0054924208380332925","0.0054924208380332925","0.006197033788650426","0.006197033788650426","0.006197033788650426"
"201","0.005175097172573659","0.005175097172573659","0.005175097172573659","0.005994286728713505","0.005994286728713505","0.005994286728713505"
"202","0.0047413443456955865","0.0047413443456955865","0.0047413443456955865","0.004847297439874066","0.004847297439874066","0.004847297439874066"
"203","0.0046843408281977","0.0046843408281977","0.0046843408281977","0.004812802475986849","0.004812802475986849","0.004812802475986849"
"204","0.004694901246097046","0.004694901246097046","0.004694901246097046","0.004960146840824205","0.004960146840824205","0.004960146840824205"
"205","0.00476375862521425","0.00476375862521425","0.00476375862521425","0.005132756685215246","0.005132756685215246","0.005132756685215246"
"206","0.004716478318777678","0.004716478318777678","0.004716478318777678","0.004891153792003944","0.004891153792003944","0.004891153792003944"
"207","0.004715182018061508","0.004715182018061508","0.004715182018061508","0.005098996182121967","0.005098996182121967","0.005098996182121967"
"208","0.004929224796868599","0.004929224796868599","0.004929224796868599","0.006197418202634574","0.006197418202634574","0.006197418202634574"
"209","0.005213463326480212","0.005213463326480212","0.005213463326480212","0.004939977360368194","0.004939977360368194","0.004939977360368194"
"210","0.004740489921237947","0.004740489921237947","0.004740489921237947","0.005256811874412348","0.005256811874412348","0.005256811874412348"
"211","0.0046942329607808754","0.0046942329607808754","0.0046942329607808754","0.004951889382528","0.004951889382528","0.004951889382528"
"212","0.004843750588138739","0.004843750588138739","0.004843750588138739","0.005389092851484948","0.005389092851484948","0.005389092851484948"
"213","0.004693181330831683","0.004693181330831683","0.004693181330831683","0.005013293021937467","0.005013293021937467","0.005013293021937467"
"214","0.004995223812022132","0.004995223812022132","0.004995223812022132","0.006155851853274147","0.006155851853274147","0.006155851853274147"
"215","0.005176359094054376","0.005176359094054376","0.005176359094054376","0.005360616028694319","0.005360616028694319","0.005360616028694319"
"216","0.004899943459708867","0.004899943459708867","0.004899943459708867","0.006006488881550496","0.006006488881550496","0.006006488881550496"
"217","0.00515919945861342","0.00515919945861342","0.00515919945861342","0.005752298307973886","0.005752298307973886","0.005752298307973886"
"218","0.004693025641250441","0.004693025641250441","0.004693025641250441","0.005526860002596637","0.005526860002596637","0.005526860002596637"
"219","0.004738286750586112","0.004738286750586112","0.004738286750586112","0.005422263030433952","0.005422263030433952","0.005422263030433952"
"220","0.004842964596955496","0.004842964596955496","0.004842964596955496","0.005546692964733966","0.005546692964733966","0.005546692964733966"
"221","0.004794405892965429","0.004794405892965429","0.004794405892965429","0.005349049805160258","0.005349049805160258","0.005349049805160258"
"222","0.004698592440051553","0.004698592440051553","0.004698592440051553","0.004993128583032955","0.004993128583032955","0.004993128583032955"
"223","0.004698532243301168","0.004698532243301168","0.004698532243301168","0.0055371810425533","0.0055371810425533","0.0055371810425533"
"224","0.00465167971100784","0.00465167971100784","0.00465167971100784","0.0050686378576435655","0.0050686378576435655","0.0050686378576435655"
"225","0.004494721003868516","0.004494721003868516","0.004494721003868516","0.005067893100309832","0.005067893100309832","0.005067893100309832"
"226","0.005044024670271291","0.005044024670271291","0.005044024670271291","0.006609460591468908","0.006609460591468908","0.006609460591468908"
"227","0.005095262753631201","0.005095262753631201","0.005095262753631201","0.004479095459163407","0.004479095459163407","0.004479095459163407"
"228","0.004473185624044787","0.004473185624044787","0.004473185624044787","0.005320211452240641","0.005320211452240641","0.005320211452240641"
"229","0.004729353892783531","0.004729353892783531","0.004729353892783531","0.0058289755349178775","0.0058289755349178775","0.0058289755349178775"
"230","0.005414293586737353","0.005414293586737353","0.005414293586737353","0.006104828695843848","0.006104828695843848","0.006104828695843848"
"231","0.0046227697402605","0.0046227697402605","0.0046227697402605","0.005398836586137114","0.005398836586137114","0.005398836586137114"
"232","0.004598039853070883","0.004598039853070883","0.004598039853070883","0.005479843445830511","0.005479843445830511","0.005479843445830511"
"233","0.004434988588266789","0.004434988588266789","0.004434988588266789","0.005091218692776815","0.005091218692776815","0.005091218692776815"
"234","0.004661913993032025","0.004661913993032025","0.004661913993032025","0.005790045831712328","0.005790045831712328","0.005790045831712328"
"235","0.0048108465318198335","0.0048108465318198335","0.0048108465318198335","0.005553543038392957","0.005553543038392957","0.005553543038392957"
"236","0.004305126793323105","0.004305126793323105","0.004305126793323105","0.0049221255309214226","0.0049221255309214226","0.0049221255309214226"
"237","0.004663093078862834","0.004663093078862834","0.004663093078862834","0.004824825395895477","0.004824825395895477","0.004824825395895477"
"238","0.0048608722120427345","0.0048608722120427345","0.0048608722120427345","0.004512833887323176","0.004512833887323176","0.004512833887323176"
"239","0.004409355327623068","0.004409355327623068","0.004409355327623068","0.005375847995504551","0.005375847995504551","0.005375847995504551"
"240","0.0046896810336583645","0.0046896810336583645","0.0046896810336583645","0.004781337526466737","0.004781337526466737","0.004781337526466737"
"241","0.004412599528299861","0.004412599528299861","0.004412599528299861","0.0054260954667762215","0.0054260954667762215","0.0054260954667762215"
"242","0.004840460067307657","0.004840460067307657","0.004840460067307657","0.004627021295052639","0.004627021295052639","0.004627021295052639"
"243","0.004637811445310057","0.004637811445310057","0.004637811445310057","0.00589668494577671","0.00589668494577671","0.00589668494577671"
"244","0.004778767238271946","0.004778767238271946","0.004778767238271946","0.005454675786647016","0.005454675786647016","0.005454675786647016"
"245","0.004682143545050929","0.004682143545050929","0.004682143545050929","0.005003620567778932","0.005003620567778932","0.005003620567778932"
"246","0.00439908255204285","0.00439908255204285","0.00439908255204285","0.004402014912456529","0.004402014912456529","0.004402014912456529"
"247","0.004356448121640742","0.004356448121640742","0.004356448121640742","0.004601496581607567","0.004601496581607567","0.004601496581607567"
"248","0.004470418882546157","0.004470418882546157","0.004470418882546157","0.004477691038714399","0.004477691038714399","0.004477691038714399"
"249","0.00451854849819143","0.00451854849819143","0.00451854849819143","0.005364662939064123","0.005364662939064123","0.005364662939064123"
"250","0.00461845557237054","0.00461845557237054","0.00461845557237054","0.004781691786202899","0.004781691786202899","0.004781691786202899"
"251","0.0043920721482539485","0.0043920721482539485","0.0043920721482539485","0.00466208058714631","0.00466208058714631","0.00466208058714631"
"252","0.004337909619567191","0.004337909619567191","0.004337909619567191","0.004988816433535507","0.004988816433535507","0.004988816433535507"
"253","0.004417726797141598","0.004417726797141598","0.004417726797141598","0.004473992368996137","0.004473992368996137","0.004473992368996137"
"254","0.004464253884151588","0.004464253884151588","0.004464253884151588","0.005388131472825407","0.005388131472825407","0.005388131472825407"
"255","0.004338185271591851","0.004338185271591851","0.004338185271591851","0.0049926517904305195","0.0049926517904305195","0.0049926517904305195"
"256","0.004741603748742841","0.004741603748742841","0.004741603748742841","0.005105913718182911","0.005105913718182911","0.005105913718182911"
"257","0.0045145956549987685","0.0045145956549987685","0.0045145956549987685","0.005035880255752388","0.005035880255752388","0.005035880255752388"
"258","0.004597181056820097","0.004597181056820097","0.004597181056820097","0.00670603162328585","0.00670603162328585","0.00670603162328585"
"259","0.004849442789024684","0.004849442789024684","0.004849442789024684","0.004814888981151453","0.004814888981151453","0.004814888981151453"
"260","0.0049045321232238995","0.0049045321232238995","0.0049045321232238995","0.0062473609700494795","0.0062473609700494795","0.0062473609700494795"
"261","0.005143563331791753","0.005143563331791753","0.005143563331791753","0.004919837669549216","0.004919837669549216","0.004919837669549216"
"262","0.0043999066022785615","0.0043999066022785615","0.0043999066022785615","0.0053024605539666","0.0053024605539666","0.0053024605539666"
"263","0.004480378382733497","0.004480378382733497","0.004480378382733497","0.005483742922958284","0.005483742922958284","0.005483742922958284"
"264","0.004409263841205733","0.004409263841205733","0.004409263841205733","0.004998199207291775","0.004998199207291775","0.004998199207291775"
"265","0.004305276101920177","0.004305276101920177","0.004305276101920177","0.004831146134329201","0.004831146134329201","0.004831146134329201"
"266","0.004791769108423433","0.004791769108423433","0.004791769108423433","0.00557196999825705","0.00557196999825705","0.00557196999825705"
"267","0.004394009631231878","0.004394009631231878","0.004394009631231878","0.0053991867852502375","0.0053991867852502375","0.0053991867852502375"
"268","0.004387489925770852","0.004387489925770852","0.004387489925770852","0.006080156480389904","0.006080156480389904","0.006080156480389904"
"269","0.004870362780920632","0.004870362780920632","0.004870362780920632","0.005823863145607766","0.005823863145607766","0.005823863145607766"
"270","0.004781976523833928","0.004781976523833928","0.004781976523833928","0.00539236322627217","0.00539236322627217","0.00539236322627217"
"271","0.004425534766971873","0.004425534766971873","0.004425534766971873","0.005559721994152273","0.005559721994152273","0.005559721994152273"
"272","0.004516351248335346","0.004516351248335346","0.004516351248335346","0.006222204256563326","0.006222204256563326","0.006222204256563326"
"273","0.004464226000254288","0.004464226000254288","0.004464226000254288","0.005947342748915806","0.005947342748915806","0.005947342748915806"
"274","0.005214890727186718","0.005214890727186718","0.005214890727186718","0.00516895623841132","0.00516895623841132","0.00516895623841132"
"275","0.004447737660847323","0.004447737660847323","0.004447737660847323","0.006132535599948023","0.006132535599948023","0.006132535599948023"
"276","0.004632321201140043","0.004632321201140043","0.004632321201140043","0.00543696219354283","0.00543696219354283","0.00543696219354283"
"277","0.004258835217562466","0.004258835217562466","0.004258835217562466","0.005207327705299428","0.005207327705299428","0.005207327705299428"
"278","0.004113644548575862","0.004113644548575862","0.004113644548575862","0.004535613599356173","0.004535613599356173","0.004535613599356173"
"279","0.004544696295690864","0.004544696295690864","0.004544696295690864","0.0052651178775222325","0.0052651178775222325","0.0052651178775222325"
"280","0.004249409313964337","0.004249409313964337","0.004249409313964337","0.00440660618713967","0.00440660618713967","0.00440660618713967"
"281","0.004573687037553176","0.004573687037553176","0.004573687037553176","0.0059561533750968","0.0059561533750968","0.0059561533750968"
"282","0.004729530206698567","0.004729530206698567","0.004729530206698567","0.005789248212052028","0.005789248212052028","0.005789248212052028"
"283","0.00474902920502189","0.00474902920502189","0.00474902920502189","0.005536324962153088","0.005536324962153088","0.005536324962153088"
"284","0.004367082148759927","0.004367082148759927","0.004367082148759927","0.004740215577320406","0.004740215577320406","0.004740215577320406"
"285","0.0043221817349505575","0.0043221817349505575","0.0043221817349505575","0.0053590556602390454","0.0053590556602390454","0.0053590556602390454"
"286","0.004335985613582718","0.004335985613582718","0.004335985613582718","0.00580113295115002","0.00580113295115002","0.00580113295115002"
"287","0.0044626470172575905","0.0044626470172575905","0.0044626470172575905","0.005494965794937741","0.005494965794937741","0.005494965794937741"
"288","0.0047577189066919994","0.0047577189066919994","0.0047577189066919994","0.006031681649218071","0.006031681649218071","0.006031681649218071"
"289","0.0042513977833711315","0.0042513977833711315","0.0042513977833711315","0.005775222695005047","0.005775222695005047","0.005775222695005047"
"290","0.004334734238995605","0.004334734238995605","0.004334734238995605","0.005650156993410289","0.005650156993410289","0.005650156993410289"
"291","0.0051834011343423","0.0051834011343423","0.0051834011343423","0.005696576909660805","0.005696576909660805","0.005696576909660805"
"292","0.004399010276729249","0.004399010276729249","0.004399010276729249","0.004383429641254956","0.004383429641254956","0.004383429641254956"
"293","0.004566760999238538","0.004566760999238538","0.004566760999238538","0.004709371140968509","0.004709371140968509","0.004709371140968509"
"294","0.004016202110630827","0.004016202110630827","0.004016202110630827","0.00486044652428575","0.00486044652428575","0.00486044652428575"
"295","0.003861130499821674","0.003861130499821674","0.003861130499821674","0.0047083900185237604","0.0047083900185237604","0.0047083900185237604"
"296","0.004447876419528245","0.004447876419528245","0.004447876419528245","0.005878264714062695","0.005878264714062695","0.005878264714062695"
"297","0.0043601591641898255","0.0043601591641898255","0.0043601591641898255","0.005360815993599989","0.005360815993599989","0.005360815993599989"
"298","0.004163566354821422","0.004163566354821422","0.004163566354821422","0.005314081624379741","0.005314081624379741","0.005314081624379741"
"299","0.004612507166898167","0.004612507166898167","0.004612507166898167","0.005632038759004535","0.005632038759004535","0.005632038759004535"
"300","0.0037481582722045928","0.0037481582722045928","0.0037481582722045928","0.00425537586549495","0.00425537586549495","0.00425537586549495"
"301","0.0035101280702389053","0.0035101280702389053","0.0035101280702389053","0.004329928119936966","0.004329928119936966","0.004329928119936966"
"302","0.003505339217640275","0.003505339217640275","0.003505339217640275","0.004148873922457786","0.004148873922457786","0.004148873922457786"
"303","0.0033684153976161727","0.0033684153976161727","0.0033684153976161727","0.003977373149712903","0.003977373149712903","0.003977373149712903"
"304","0.003256763200360597","0.003256763200360597","0.003256763200360597","0.0038953593494713656","0.0038953593494713656","0.0038953593494713656"
"305","0.0031839527079135636","0.0031839527079135636","0.0031839527079135636","0.003796011201756888","0.003796011201756888","0.003796011201756888"
"306","0.0030997384949497534","0.0030997384949497534","0.0030997384949497534","0.0037839262038788122","0.0037839262038788122","0.0037839262038788122"
"307","0.003054706657507678","0.003054706657507678","0.003054706657507678","0.0038790237317034167","0.0038790237317034167","0.0038790237317034167"
"308","0.0030632078666420013","0.0030632078666420013","0.0030632078666420013","0.003901540057063239","0.003901540057063239","0.003901540057063239"
"309","0.0030935944052152505","0.0030935944052152505","0.0030935944052152505","0.003998758745932961","0.003998758745932961","0.003998758745932961"
"310","0.0030717689358869976","0.0030717689358869976","0.0030717689358869976","0.0039113417565489","0.0039113417565489","0.0039113417565489"
"311","0.003065250021520073","0.003065250021520073","0.003065250021520073","0.003953268801804278","0.003953268801804278","0.003953268801804278"
"312","0.0030774022371158256","0.0030774022371158256","0.0030774022371158256","0.0039262020094242445","0.0039262020094242445","0.0039262020094242445"
"313","0.0031151501004210848","0.0031151501004210848","0.0031151501004210848","0.0039544114027198545","0.0039544114027198545","0.0039544114027198545"
"314","0.0032211919860396163","0.0032211919860396163","0.0032211919860396163","0.0039039046170998314","0.0039039046170998314","0.0039039046170998314"
"315","0.0031297804602564046","0.0031297804602564046","0.0031297804602564046","0.003804313957708709","0.003804313957708709","0.003804313957708709"
"316","0.003030978126139402","0.003030978126139402","0.003030978126139402","0.0037185788366537104","0.0037185788366537104","0.0037185788366537104"
"317","0.0030279575010464634","0.0030279575010464634","0.0030279575010464634","0.0037452797667967674","0.0037452797667967674","0.0037452797667967674"
"318","0.002990335452211822","0.002990335452211822","0.002990335452211822","0.0036850357849426674","0.0036850357849426674","0.0036850357849426674"
"319","0.0030040947726570947","0.0030040947726570947","0.0030040947726570947","0.0038413482209587553","0.0038413482209587553","0.0038413482209587553"
"320","0.0029805933800168207","0.0029805933800168207","0.0029805933800168207","0.0037821401328618325","0.0037821401328618325","0.0037821401328618325"
"321","0.0029367781892723262","0.0029367781892723262","0.0029367781892723262","0.003537171191261651","0.003537171191261651","0.003537171191261651"
"322","0.003015385375515348","0.003015385375515348","0.003015385375515348","0.0039705680939514775","0.0039705680939514775","0.0039705680939514775"
"323","0.0029351491000379408","0.0029351491000379408","0.0029351491000379408","0.003449867277917392","0.003449867277917392","0.003449867277917392"
"324","0.0029658088186271516","0.0029658088186271516","0.0029658088186271516","0.003709152090639024","0.003709152090639024","0.003709152090639024"
"325","0.0030149750531097783","0.0030149750531097783","0.0030149750531097783","0.003994739576881295","0.003994739576881295","0.003994739576881295"
"326","0.0029436960945557404","0.0029436960945557404","0.0029436960945557404","0.0035395395274336883","0.0035395395274336883","0.0035395395274336883"
"327","0.002896372190494721","0.002896372190494721","0.002896372190494721","0.0035454510870183906","0.0035454510870183906","0.0035454510870183906"
"328","0.0029500559838005393","0.0029500559838005393","0.0029500559838005393","0.0036236626662318697","0.0036236626662318697","0.0036236626662318697"
"329","0.002921309969234757","0.002921309969234757","0.002921309969234757","0.003743148844600131","0.003743148844600131","0.003743148844600131"
"330","0.002954476482521491","0.002954476482521491","0.002954476482521491","0.0036151350607768976","0.0036151350607768976","0.0036151350607768976"
"331","0.0028404170669303615","0.0028404170669303615","0.0028404170669303615","0.003456683190214522","0.003456683190214522","0.003456683190214522"
"332","0.002907830741406404","0.002907830741406404","0.002907830741406404","0.003540907581017135","0.003540907581017135","0.003540907581017135"
"333","0.0029678561403805657","0.0029678561403805657","0.0029678561403805657","0.0036526611072970915","0.0036526611072970915","0.0036526611072970915"
"334","0.0029580865601009794","0.0029580865601009794","0.0029580865601009794","0.0039261928081258625","0.0039261928081258625","0.0039261928081258625"
"335","0.003002767691283737","0.003002767691283737","0.003002767691283737","0.0037421610126942414","0.0037421610126942414","0.0037421610126942414"
"336","0.002839603847470498","0.002839603847470498","0.002839603847470498","0.0033903252334228015","0.0033903252334228015","0.0033903252334228015"
"337","0.0027872074436170735","0.0027872074436170735","0.0027872074436170735","0.0034819091560449275","0.0034819091560449275","0.0034819091560449275"
"338","0.0028695976994870137","0.0028695976994870137","0.0028695976994870137","0.0033777788276383074","0.0033777788276383074","0.0033777788276383074"
"339","0.003128128797557177","0.003128128797557177","0.003128128797557177","0.004967386413697203","0.004967386413697203","0.004967386413697203"
"340","0.003745839074783513","0.003745839074783513","0.003745839074783513","0.004308718420501882","0.004308718420501882","0.004308718420501882"
"341","0.0034003676685831594","0.0034003676685831594","0.0034003676685831594","0.00417928581777538","0.00417928581777538","0.00417928581777538"
"342","0.003255678751895599","0.003255678751895599","0.003255678751895599","0.00399614781838346","0.00399614781838346","0.00399614781838346"
"343","0.0029945735423314015","0.0029945735423314015","0.0029945735423314015","0.003866042857864795","0.003866042857864795","0.003866042857864795"
"344","0.0029584647124267474","0.0029584647124267474","0.0029584647124267474","0.00344570046366365","0.00344570046366365","0.00344570046366365"
"345","0.0028901775645191236","0.0028901775645191236","0.0028901775645191236","0.003335352400763577","0.003335352400763577","0.003335352400763577"
"346","0.0029691560024709593","0.0029691560024709593","0.0029691560024709593","0.0036345438580349244","0.0036345438580349244","0.0036345438580349244"
"347","0.002896098427531826","0.002896098427531826","0.002896098427531826","0.003842367515666904","0.003842367515666904","0.003842367515666904"
"348","0.002790083383645438","0.002790083383645438","0.002790083383645438","0.003323616365771444","0.003323616365771444","0.003323616365771444"
"349","0.002772528337242471","0.002772528337242471","0.002772528337242471","0.0031678929211895546","0.0031678929211895546","0.0031678929211895546"
"350","0.0026671584602600937","0.0026671584602600937","0.0026671584602600937","0.003268323914801805","0.003268323914801805","0.003268323914801805"
"351","0.0027793904635584708","0.0027793904635584708","0.0027793904635584708","0.003147546601492867","0.003147546601492867","0.003147546601492867"
"352","0.0029753945477953413","0.0029753945477953413","0.0029753945477953413","0.003453064419040979","0.003453064419040979","0.003453064419040979"
"353","0.002952787539893163","0.002952787539893163","0.002952787539893163","0.0033752335953905113","0.0033752335953905113","0.0033752335953905113"
"354","0.0027444792785692278","0.0027444792785692278","0.0027444792785692278","0.0032137365762919244","0.0032137365762919244","0.0032137365762919244"
"355","0.0027271176410829036","0.0027271176410829036","0.0027271176410829036","0.003478680676594053","0.003478680676594053","0.003478680676594053"
"356","0.0028897298222855068","0.0028897298222855068","0.0028897298222855068","0.0033339075677750706","0.0033339075677750706","0.0033339075677750706"
"357","0.0028167484274318573","0.0028167484274318573","0.0028167484274318573","0.003593691846563756","0.003593691846563756","0.003593691846563756"
"358","0.0030879061473373204","0.0030879061473373204","0.0030879061473373204","0.004357595365622181","0.004357595365622181","0.004357595365622181"
"359","0.003555827073223429","0.003555827073223429","0.003555827073223429","0.004278143659122831","0.004278143659122831","0.004278143659122831"
"360","0.003434845469849075","0.003434845469849075","0.003434845469849075","0.003959587955788863","0.003959587955788863","0.003959587955788863"
"361","0.003108552236308231","0.003108552236308231","0.003108552236308231","0.004071802526919999","0.004071802526919999","0.004071802526919999"
"362","0.0030889425580656457","0.0030889425580656457","0.0030889425580656457","0.0039007318587518333","0.0039007318587518333","0.0039007318587518333"
"363","0.002846509323485567","0.002846509323485567","0.002846509323485567","0.00338326018897261","0.00338326018897261","0.00338326018897261"
"364","0.002715851869674472","0.002715851869674472","0.002715851869674472","0.0031350790078332486","0.0031350790078332486","0.0031350790078332486"
"365","0.0027220594499638108","0.0027220594499638108","0.0027220594499638108","0.0031778798399212846","0.0031778798399212846","0.0031778798399212846"
"366","0.0026655689616872625","0.0026655689616872625","0.0026655689616872625","0.0031535727409671326","0.0031535727409671326","0.0031535727409671326"
"367","0.002647943446560841","0.002647943446560841","0.002647943446560841","0.003255446365813511","0.003255446365813511","0.003255446365813511"
"368","0.0028046609554178903","0.0028046609554178903","0.0028046609554178903","0.00313571159386237","0.00313571159386237","0.00313571159386237"
"369","0.0027227760897702334","0.0027227760897702334","0.0027227760897702334","0.003262398778543127","0.003262398778543127","0.003262398778543127"
"370","0.0027536527317706797","0.0027536527317706797","0.0027536527317706797","0.0038953221704943536","0.0038953221704943536","0.0038953221704943536"
"371","0.002981343317947126","0.002981343317947126","0.002981343317947126","0.0034725021197233186","0.0034725021197233186","0.0034725021197233186"
"372","0.002713495183777247","0.002713495183777247","0.002713495183777247","0.003194111606584568","0.003194111606584568","0.003194111606584568"
"373","0.0027401305342651403","0.0027401305342651403","0.0027401305342651403","0.0038653304264718814","0.0038653304264718814","0.0038653304264718814"
"374","0.002821063863641632","0.002821063863641632","0.002821063863641632","0.0036118861244724396","0.0036118861244724396","0.0036118861244724396"
"375","0.0028293675689418933","0.0028293675689418933","0.0028293675689418933","0.0037547003100752018","0.0037547003100752018","0.0037547003100752018"
"376","0.0027181503965183593","0.0027181503965183593","0.0027181503965183593","0.003586171545508863","0.003586171545508863","0.003586171545508863"
"377","0.0028111013500491935","0.0028111013500491935","0.0028111013500491935","0.0034970296447956076","0.0034970296447956076","0.0034970296447956076"
"378","0.0026437869250789756","0.0026437869250789756","0.0026437869250789756","0.0033708004183321287","0.0033708004183321287","0.0033708004183321287"
"379","0.0027042357204420157","0.0027042357204420157","0.0027042357204420157","0.003517615026729785","0.003517615026729785","0.003517615026729785"
"380","0.0031795472745512893","0.0031795472745512893","0.0031795472745512893","0.004452321870269927","0.004452321870269927","0.004452321870269927"
"381","0.0031715344532956585","0.0031715344532956585","0.0031715344532956585","0.003510128151494694","0.003510128151494694","0.003510128151494694"
"382","0.00271031313455856","0.00271031313455856","0.00271031313455856","0.0031559734778444782","0.0031559734778444782","0.0031559734778444782"
"383","0.0026768575973817148","0.0026768575973817148","0.0026768575973817148","0.0035902525163658285","0.0035902525163658285","0.0035902525163658285"
"384","0.002745772421687159","0.002745772421687159","0.002745772421687159","0.0035664582217481717","0.0035664582217481717","0.0035664582217481717"
"385","0.0026498379304118157","0.0026498379304118157","0.0026498379304118157","0.0032273391527333968","0.0032273391527333968","0.0032273391527333968"
"386","0.0026885075677792977","0.0026885075677792977","0.0026885075677792977","0.0035687010783556827","0.0035687010783556827","0.0035687010783556827"
"387","0.002799277498707049","0.002799277498707049","0.002799277498707049","0.0033529633216622234","0.0033529633216622234","0.0033529633216622234"
"388","0.0028035845148667755","0.0028035845148667755","0.0028035845148667755","0.003642867545068038","0.003642867545068038","0.003642867545068038"
"389","0.002761892630702493","0.002761892630702493","0.002761892630702493","0.0034421601509241947","0.0034421601509241947","0.0034421601509241947"
"390","0.0026979110372770923","0.0026979110372770923","0.0026979110372770923","0.0033823223275030144","0.0033823223275030144","0.0033823223275030144"
"391","0.002780548558797432","0.002780548558797432","0.002780548558797432","0.0034608344295957677","0.0034608344295957677","0.0034608344295957677"
"392","0.0027750928443061275","0.0027750928443061275","0.0027750928443061275","0.003279235811577007","0.003279235811577007","0.003279235811577007"
"393","0.0026660823163828333","0.0026660823163828333","0.0026660823163828333","0.0035388109992291793","0.0035388109992291793","0.0035388109992291793"
"394","0.002683218937587044","0.002683218937587044","0.002683218937587044","0.0034642896470702925","0.0034642896470702925","0.0034642896470702925"
"395","0.0029834363258122993","0.0029834363258122993","0.0029834363258122993","0.004094105667218801","0.004094105667218801","0.004094105667218801"
"396","0.0032958008913734796","0.0032958008913734796","0.0032958008913734796","0.0044705724385772135","0.0044705724385772135","0.0044705724385772135"
"397","0.0033892502389482994","0.0033892502389482994","0.0033892502389482994","0.00402435585859272","0.00402435585859272","0.00402435585859272"
"398","0.003267839168391422","0.003267839168391422","0.003267839168391422","0.003985865311852184","0.003985865311852184","0.003985865311852184"
"399","0.003045172961450361","0.003045172961450361","0.003045172961450361","0.00412847951979117","0.00412847951979117","0.00412847951979117"
"400","0.0025542608419749212","0.0025542608419749212","0.0025542608419749212","0.0029601013223308063","0.0029601013223308063","0.0029601013223308063"
"401","0.002444841215966162","0.002444841215966162","0.002444841215966162","0.0028510216269014748","0.0028510216269014748","0.0028510216269014748"
"402","0.0023925917411067874","0.0023925917411067874","0.0023925917411067874","0.002800393059818639","0.002800393059818639","0.002800393059818639"
"403","0.0023642771817313666","0.0023642771817313666","0.0023642771817313666","0.002770259376596875","0.002770259376596875","0.002770259376596875"
"404","0.0023443319435740746","0.0023443319435740746","0.0023443319435740746","0.0027579282396886172","0.0027579282396886172","0.0027579282396886172"
"405","0.0023314667447625827","0.0023314667447625827","0.0023314667447625827","0.0027336591301386774","0.0027336591301386774","0.0027336591301386774"
"406","0.002318860185993848","0.002318860185993848","0.002318860185993848","0.002717780920942409","0.002717780920942409","0.002717780920942409"
"407","0.0023119443728166645","0.0023119443728166645","0.0023119443728166645","0.002709152235644381","0.002709152235644381","0.002709152235644381"
"408","0.0023091931273890483","0.0023091931273890483","0.0023091931273890483","0.0027029863683088033","0.0027029863683088033","0.0027029863683088033"
"409","0.002305045751745041","0.002305045751745041","0.002305045751745041","0.0027027031311555594","0.0027027031311555594","0.0027027031311555594"
"410","0.00230513868220931","0.00230513868220931","0.00230513868220931","0.002700895682923307","0.002700895682923307","0.002700895682923307"
"411","0.002303920159189875","0.002303920159189875","0.002303920159189875","0.0027001102781083488","0.0027001102781083488","0.0027001102781083488"
"412","0.0023066647631486076","0.0023066647631486076","0.0023066647631486076","0.0026938682114676523","0.0026938682114676523","0.0026938682114676523"
"413","0.0023021805876892653","0.0023021805876892653","0.0023021805876892653","0.002697127790013063","0.002697127790013063","0.002697127790013063"
"414","0.0022999605261413837","0.0022999605261413837","0.0022999605261413837","0.002693828421625567","0.002693828421625567","0.002693828421625567"
"415","0.00229992212018609","0.00229992212018609","0.00229992212018609","0.002695100633668366","0.002695100633668366","0.002695100633668366"
"416","0.002293504886023177","0.002293504886023177","0.002293504886023177","0.002696069375219369","0.002696069375219369","0.002696069375219369"
"417","0.0022924821617741147","0.0022924821617741147","0.0022924821617741147","0.0026873052046168734","0.0026873052046168734","0.0026873052046168734"
"418","0.0022895737572003593","0.0022895737572003593","0.0022895737572003593","0.0026886084635718904","0.0026886084635718904","0.0026886084635718904"
"419","0.002284690774533059","0.002284690774533059","0.002284690774533059","0.0026882478254496604","0.0026882478254496604","0.0026882478254496604"
"420","0.0022820213747538165","0.0022820213747538165","0.0022820213747538165","0.0026884185995728472","0.0026884185995728472","0.0026884185995728472"
"421","0.0022786145116028412","0.0022786145116028412","0.0022786145116028412","0.002692625500076206","0.002692625500076206","0.002692625500076206"
"422","0.0022811138027284713","0.0022811138027284713","0.0022811138027284713","0.0026982644049505632","0.0026982644049505632","0.0026982644049505632"
"423","0.00227839500181963","0.00227839500181963","0.00227839500181963","0.0026981883179650213","0.0026981883179650213","0.0026981883179650213"
"424","0.002270039150073868","0.002270039150073868","0.002270039150073868","0.0026934341085856454","0.0026934341085856454","0.0026934341085856454"
"425","0.0022678627446982417","0.0022678627446982417","0.0022678627446982417","0.0027062701854876146","0.0027062701854876146","0.0027062701854876146"
"426","0.002263990925145625","0.002263990925145625","0.002263990925145625","0.0026908034018137223","0.0026908034018137223","0.0026908034018137223"
"427","0.0022664606620004554","0.0022664606620004554","0.0022664606620004554","0.0027002246549444543","0.0027002246549444543","0.0027002246549444543"
"428","0.0022563081416906825","0.0022563081416906825","0.0022563081416906825","0.0027076891606795757","0.0027076891606795757","0.0027076891606795757"
"429","0.0022548622644957598","0.0022548622644957598","0.0022548622644957598","0.002711170376501016","0.002711170376501016","0.002711170376501016"
"430","0.002253782400747579","0.002253782400747579","0.002253782400747579","0.002710186560379786","0.002710186560379786","0.002710186560379786"
"431","0.0022487299421689935","0.0022487299421689935","0.0022487299421689935","0.0027133195363965423","0.0027133195363965423","0.0027133195363965423"
"432","0.002243706759936029","0.002243706759936029","0.002243706759936029","0.002715795770719967","0.002715795770719967","0.002715795770719967"
"433","0.002248881671127688","0.002248881671127688","0.002248881671127688","0.0027229356366925495","0.0027229356366925495","0.0027229356366925495"
"434","0.002246994307034638","0.002246994307034638","0.002246994307034638","0.002719479887871707","0.002719479887871707","0.002719479887871707"
"435","0.0022503221576266447","0.0022503221576266447","0.0022503221576266447","0.0027247022324902097","0.0027247022324902097","0.0027247022324902097"
"436","0.002234973694459048","0.002234973694459048","0.002234973694459048","0.002716389498627524","0.002716389498627524","0.002716389498627524"
"437","0.002234971999460696","0.002234971999460696","0.002234971999460696","0.002731324409800817","0.002731324409800817","0.002731324409800817"
"438","0.0022376505343507905","0.0022376505343507905","0.0022376505343507905","0.0027294925126724236","0.0027294925126724236","0.0027294925126724236"
"439","0.0022348751988072735","0.0022348751988072735","0.0022348751988072735","0.0027303413056198127","0.0027303413056198127","0.0027303413056198127"
"440","0.002232953663565215","0.002232953663565215","0.002232953663565215","0.0027306838736431156","0.0027306838736431156","0.0027306838736431156"
"441","0.0022253037993369084","0.0022253037993369084","0.0022253037993369084","0.0027269646381376605","0.0027269646381376605","0.0027269646381376605"
"442","0.0022317126303135074","0.0022317126303135074","0.0022317126303135074","0.0027325777701318046","0.0027325777701318046","0.0027325777701318046"
"443","0.002222711662365814","0.002222711662365814","0.002222711662365814","0.00273568157191658","0.00273568157191658","0.00273568157191658"
"444","0.0022284355400410726","0.0022284355400410726","0.0022284355400410726","0.0027365335532442735","0.0027365335532442735","0.0027365335532442735"
"445","0.002223593537492181","0.002223593537492181","0.002223593537492181","0.002717529969097012","0.002717529969097012","0.002717529969097012"
"446","0.0022150696117128727","0.0022150696117128727","0.0022150696117128727","0.002741643367950235","0.002741643367950235","0.002741643367950235"
"447","0.0022097323102621856","0.0022097323102621856","0.0022097323102621856","0.00274006357191386","0.00274006357191386","0.00274006357191386"
"448","0.00220196341579571","0.00220196341579571","0.00220196341579571","0.002747255048044093","0.002747255048044093","0.002747255048044093"
"449","0.0022098235820425982","0.0022098235820425982","0.0022098235820425982","0.0027245732827136794","0.0027245732827136794","0.0027245732827136794"
"450","0.0022094413251293496","0.0022094413251293496","0.0022094413251293496","0.0027469621239287487","0.0027469621239287487","0.0027469621239287487"
"451","0.002211045195475138","0.002211045195475138","0.002211045195475138","0.0027392657708994947","0.0027392657708994947","0.0027392657708994947"
"452","0.0022102142252449163","0.0022102142252449163","0.0022102142252449163","0.0027564837917453877","0.0027564837917453877","0.0027564837917453877"
"453","0.0022098631365111286","0.0022098631365111286","0.0022098631365111286","0.002757189761796593","0.002757189761796593","0.002757189761796593"
"454","0.0022114833001455943","0.0022114833001455943","0.0022114833001455943","0.0027337697285782533","0.0027337697285782533","0.0027337697285782533"
"455","0.0021999207442208323","0.0021999207442208323","0.0021999207442208323","0.002736205991188858","0.002736205991188858","0.002736205991188858"
"456","0.0021989684805302392","0.0021989684805302392","0.0021989684805302392","0.00275173016878192","0.00275173016878192","0.00275173016878192"
"457","0.002199442164308237","0.002199442164308237","0.002199442164308237","0.0027589058869992625","0.0027589058869992625","0.0027589058869992625"
"458","0.002200365752677663","0.002200365752677663","0.002200365752677663","0.0027458650257395547","0.0027458650257395547","0.0027458650257395547"
"459","0.002196199179927407","0.002196199179927407","0.002196199179927407","0.0027467718004640465","0.0027467718004640465","0.0027467718004640465"
"460","0.0021965472568426423","0.0021965472568426423","0.0021965472568426423","0.0027315033925096373","0.0027315033925096373","0.0027315033925096373"
"461","0.0021900690550240307","0.0021900690550240307","0.0021900690550240307","0.0027641873904335804","0.0027641873904335804","0.0027641873904335804"
"462","0.0021855976732741826","0.0021855976732741826","0.0021855976732741826","0.0027575266810004836","0.0027575266810004836","0.0027575266810004836"
"463","0.002189401022817476","0.002189401022817476","0.002189401022817476","0.002748854005891504","0.002748854005891504","0.002748854005891504"
"464","0.00219346341896596","0.00219346341896596","0.00219346341896596","0.0027829850424110607","0.0027829850424110607","0.0027829850424110607"
"465","0.002187495584221113","0.002187495584221113","0.002187495584221113","0.002752529152758724","0.002752529152758724","0.002752529152758724"
"466","0.0021835688853971487","0.0021835688853971487","0.0021835688853971487","0.002772580305547455","0.002772580305547455","0.002772580305547455"
"467","0.0021758185243339703","0.0021758185243339703","0.0021758185243339703","0.002749045571331257","0.002749045571331257","0.002749045571331257"
"468","0.002178467904598698","0.002178467904598698","0.002178467904598698","0.002754883464583334","0.002754883464583334","0.002754883464583334"
"469","0.0021781350194634906","0.0021781350194634906","0.0021781350194634906","0.002777207149784365","0.002777207149784365","0.002777207149784365"
"470","0.0021670702963287303","0.0021670702963287303","0.0021670702963287303","0.00276037360955513","0.00276037360955513","0.00276037360955513"
"471","0.0021669991129086206","0.0021669991129086206","0.0021669991129086206","0.002750298388713483","0.002750298388713483","0.002750298388713483"
"472","0.002160531357560802","0.002160531357560802","0.002160531357560802","0.0027684807089447807","0.0027684807089447807","0.0027684807089447807"
"473","0.002155814753330892","0.002155814753330892","0.002155814753330892","0.0027655111366481563","0.0027655111366481563","0.0027655111366481563"
"474","0.0021506324046485017","0.0021506324046485017","0.0021506324046485017","0.0027693187358703193","0.0027693187358703193","0.0027693187358703193"
"475","0.002141910038827956","0.002141910038827956","0.002141910038827956","0.002786203818469125","0.002786203818469125","0.002786203818469125"
"476","0.00214986608377025","0.00214986608377025","0.00214986608377025","0.0027492202299116883","0.0027492202299116883","0.0027492202299116883"
"477","0.002128873574238181","0.002128873574238181","0.002128873574238181","0.002788717828772116","0.002788717828772116","0.002788717828772116"
"478","0.0021333106178143997","0.0021333106178143997","0.0021333106178143997","0.002755769248400491","0.002755769248400491","0.002755769248400491"
"479","0.002126496638803724","0.002126496638803724","0.002126496638803724","0.0027841312605679496","0.0027841312605679496","0.0027841312605679496"
"480","0.002130710360112803","0.002130710360112803","0.002130710360112803","0.0027664339488421624","0.0027664339488421624","0.0027664339488421624"
"481","0.0021198664472094155","0.0021198664472094155","0.0021198664472094155","0.0027679881309824214","0.0027679881309824214","0.0027679881309824214"
"482","0.0021231132767041277","0.0021231132767041277","0.0021231132767041277","0.002765117282353932","0.002765117282353932","0.002765117282353932"
"483","0.0021186630602785255","0.0021186630602785255","0.0021186630602785255","0.0027610153724304492","0.0027610153724304492","0.0027610153724304492"
"484","0.002108823757803302","0.002108823757803302","0.002108823757803302","0.002751066424663199","0.002751066424663199","0.002751066424663199"
"485","0.0021133848202666682","0.0021133848202666682","0.0021133848202666682","0.0027762870080705318","0.0027762870080705318","0.0027762870080705318"
"486","0.002117283584874231","0.002117283584874231","0.002117283584874231","0.002766932681583235","0.002766932681583235","0.002766932681583235"
"487","0.0021000394524533206","0.0021000394524533206","0.0021000394524533206","0.002751796084347189","0.002751796084347189","0.002751796084347189"
"488","0.0020973546735681367","0.0020973546735681367","0.0020973546735681367","0.0027597551218901607","0.0027597551218901607","0.0027597551218901607"
"489","0.002098550067978561","0.002098550067978561","0.002098550067978561","0.002750174177891528","0.002750174177891528","0.002750174177891528"
"490","0.002097683897626372","0.002097683897626372","0.002097683897626372","0.002755300876582313","0.002755300876582313","0.002755300876582313"
"491","0.0020952122316966145","0.0020952122316966145","0.0020952122316966145","0.0027504015306484045","0.0027504015306484045","0.0027504015306484045"
"492","0.002102937144873271","0.002102937144873271","0.002102937144873271","0.002780778165664677","0.002780778165664677","0.002780778165664677"
"493","0.002095264245280393","0.002095264245280393","0.002095264245280393","0.002757576267384681","0.002757576267384681","0.002757576267384681"
"494","0.00208859678436259","0.00208859678436259","0.00208859678436259","0.0027506997573395406","0.0027506997573395406","0.0027506997573395406"
"495","0.0020899599697034228","0.0020899599697034228","0.0020899599697034228","0.002765882915419682","0.002765882915419682","0.002765882915419682"
"496","0.002091570925996818","0.002091570925996818","0.002091570925996818","0.0027572508355313274","0.0027572508355313274","0.0027572508355313274"
"497","0.0020888281809782524","0.0020888281809782524","0.0020888281809782524","0.002763895339066663","0.002763895339066663","0.002763895339066663"
"498","0.0020868093004773637","0.0020868093004773637","0.0020868093004773637","0.0027645414893005637","0.0027645414893005637","0.0027645414893005637"
"499","0.002083149942272348","0.002083149942272348","0.002083149942272348","0.0027613620758098244","0.0027613620758098244","0.0027613620758098244"